文件,行号,组件,静态标签,处理函数及属性
client/src/AdminApp.tsx,307,input,,"{""autoComplete"": ""\""username\"""", ""value"": ""{loginUsername}"", ""onChange"": ""{(event) => setLoginUsername(event.target.value)}""}"
client/src/AdminApp.tsx,315,input,,"{""autoComplete"": ""\""current-password\"""", ""type"": ""\""password\"""", ""value"": ""{loginPassword}"", ""onChange"": ""{(event) => setLoginPassword(event.target.value)}""}"
client/src/AdminApp.tsx,322,button,登录后台,"{""type"": ""\""submit\""""}"
client/src/AdminApp.tsx,324,button,首次设置或找回密码,"{""type"": ""\""button\"""", ""onClick"": ""{() => {\n                setError(\""\"");\n                setNotice(\""\"");\n                setAuthPhase(\""recovery\"");\n              }}""}"
client/src/AdminApp.tsx,346,input,,"{""autoComplete"": ""\""off\"""", ""placeholder"": ""\""ASX1.…\"""", ""type"": ""\""password\"""", ""value"": ""{recoveryCredential}"", ""onChange"": ""{(event) =>\n                    setRecoveryCredential(event.target.value)\n                  }""}"
client/src/AdminApp.tsx,356,button,验证恢复凭据,"{""type"": ""\""submit\""""}"
client/src/AdminApp.tsx,358,button,返回账号密码登录,"{""type"": ""\""button\"""", ""onClick"": ""{() => setAuthPhase(\""anonymous\"")}""}"
client/src/AdminApp.tsx,373,input,,"{""autoComplete"": ""\""new-password\"""", ""type"": ""\""password\"""", ""value"": ""{newPassword}"", ""onChange"": ""{(event) => setNewPassword(event.target.value)}""}"
client/src/AdminApp.tsx,382,input,,"{""autoComplete"": ""\""new-password\"""", ""type"": ""\""password\"""", ""value"": ""{confirmPassword}"", ""onChange"": ""{(event) => setConfirmPassword(event.target.value)}""}"
client/src/AdminApp.tsx,389,button,保存新密码,"{""type"": ""\""submit\""""}"
client/src/AdminApp.tsx,411,button,菜单,"{""aria-controls"": ""\""admin-navigation\"""", ""aria-expanded"": ""{isNavigationOpen}"", ""aria-label"": ""{isNavigationOpen ? \""关闭导航\"" : \""展开导航\""}"", ""className"": ""\""admin-nav-toggle\"""", ""type"": ""\""button\"""", ""onClick"": ""{() => setIsNavigationOpen((current) => !current)}""}"
client/src/AdminApp.tsx,434,button,退出登录,"{""type"": ""\""button\"""", ""onClick"": ""{() => void signOut()}""}"
client/src/AdminApp.tsx,442,button,,"{""aria-label"": ""\""关闭导航遮罩\"""", ""className"": ""\""admin-sidebar-backdrop\"""", ""type"": ""\""button\"""", ""onClick"": ""{() => setIsNavigationOpen(false)}""}"
client/src/AdminApp.tsx,485,button,,"{""aria-current"": ""{activeTab === tab.id ? \""page\"" : undefined}"", ""aria-label"": ""{tab.label}"", ""className"": ""{\n                          activeTab === tab.id\n                            ? \""admin-tab is-active\""\n                            : \""admin-tab\""\n                        }"", ""key"": ""{tab.id}"", ""type"": ""\""button\"""", ""onClick"": ""{() => {\n                          setActiveTab(tab.id);\n                          setNavigationIntent(\""\"");\n                          // C3：切标签清掉上一页残留的全局提示。\n                          setError(\""\"");\n                          setNotice(\""\"");\n                          if (isCompactNavigation) {\n                            setIsNavigationOpen(false);\n                          }\n                        }}""}"
client/src/AdminApp.tsx,541,TabBar,,"{""ariaLabel"": ""\""运营概览快捷导航\"""", ""items"": ""{tabGroups[0].tabs}"", ""active"": ""{activeTab}"", ""onChange"": ""{(tab) => setActiveTab(tab as AdminTab)}""}"
client/src/AnalysisWorkspace.tsx,1257,button,返回,"{""className"": ""\""secondary-button\"""", ""disabled"": ""{isWorkspaceBusy}"", ""onClick"": ""{handleClose}"", ""type"": ""\""button\""""}"
client/src/AnalysisWorkspace.tsx,1265,button,开始生成,"{""disabled"": ""{\n              readOnly ||\n              isWorkspaceBusy ||\n              isFirstFrameBusy ||\n              generationDrafts.isLoading\n            }"", ""onClick"": ""{handleStartGeneration}"", ""type"": ""\""button\""""}"
client/src/AnalysisWorkspace.tsx,1324,button,前往处理,"{""onClick"": ""{() => handleGoFixMissing(item)}"", ""type"": ""\""button\""""}"
client/src/AnalysisWorkspace.tsx,1334,button,关闭,"{""className"": ""\""secondary-button\"""", ""onClick"": ""{() => setMissingModalOpen(false)}"", ""ref"": ""{missingModalCloseRef}"", ""type"": ""\""button\""""}"
client/src/AnalysisWorkspace.tsx,1349,button,重新加载,"{""className"": ""\""secondary-button analysis-retry-button\"""", ""onClick"": ""{reloadWorkspace}"", ""type"": ""\""button\""""}"
client/src/AnalysisWorkspace.tsx,1374,button,重新检查,"{""className"": ""\""secondary-button\"""", ""onClick"": ""{reloadWorkspace}"", ""type"": ""\""button\""""}"
client/src/AnalysisWorkspace.tsx,1383,button,,"{""disabled"": ""{\n                isStartingAnalysis ||\n                isAnalysisPending ||\n                !project.reference_asset_id\n              }"", ""onClick"": ""{handleStartAnalysis}"", ""type"": ""\""button\""""}"
client/src/AnalysisWorkspace.tsx,1501,input,,"{""aria-label"": ""{ariaLabel}"", ""className"": ""\""shot-table-input\"""", ""disabled"": ""{readOnly}"", ""min"": ""{type === \""number\"" ? 0 : undefined}"", ""onChange"": ""{(event) => onChange(event.target.value)}"", ""step"": ""{type === \""number\"" ? \""0.1\"" : undefined}"", ""type"": ""{type}"", ""value"": ""{value}""}"
client/src/AnalysisWorkspace.tsx,1530,select,,"{""aria-label"": ""{`${ariaPrefix} 人物运动`}"", ""className"": ""\""shot-table-select\"""", ""disabled"": ""{readOnly}"", ""onChange"": ""{(event) => {\n          const next = event.target.value as ShotMotion[\""subject_motion_state\""];\n          if (next) {\n            onChange({ subject_motion_state: next });\n          }\n        }}"", ""value"": ""\""\""""}"
client/src/AnalysisWorkspace.tsx,1553,select,,"{""aria-label"": ""{`${ariaPrefix} 人物运动`}"", ""className"": ""\""shot-table-select\"""", ""disabled"": ""{readOnly}"", ""onChange"": ""{(event) =>\n          onChange({\n            subject_motion_state: event.target\n              .value as ShotMotion[\""subject_motion_state\""],\n          })\n        }"", ""value"": ""{motion.subject_motion_state}""}"
client/src/AnalysisWorkspace.tsx,1571,select,,"{""aria-label"": ""{`${ariaPrefix} 位移方向`}"", ""className"": ""\""shot-table-select\"""", ""disabled"": ""{readOnly}"", ""onChange"": ""{(event) =>\n          onChange({\n            subject_direction: event.target\n              .value as ShotMotion[\""subject_direction\""],\n          })\n        }"", ""value"": ""{motion.subject_direction}""}"
client/src/AnalysisWorkspace.tsx,1589,select,,"{""aria-label"": ""{`${ariaPrefix} 运镜方式`}"", ""className"": ""\""shot-table-select\"""", ""disabled"": ""{readOnly}"", ""onChange"": ""{(event) =>\n          onChange({\n            camera_motion: event.target.value as ShotMotion[\""camera_motion\""],\n          })\n        }"", ""value"": ""{motion.camera_motion}""}"
client/src/App.tsx,118,input,,"{""autoComplete"": ""\""off\"""", ""onChange"": ""{(event) => setAccessToken(event.target.value)}"", ""placeholder"": ""\""本地桌面模式可留空\"""", ""type"": ""\""password\"""", ""value"": ""{accessToken}""}"
client/src/App.tsx,126,button,,"{""type"": ""\""button\"""", ""disabled"": ""{isLoginLoading}"", ""onClick"": ""{handleLogin}""}"
client/src/App.tsx,592,button,,"{""aria-current"": ""{activePage === item.page ? \""page\"" : undefined}"", ""className"": ""{\n              activePage === item.page\n                ? \""nav-button nav-button--active\""\n                : \""nav-button\""\n            }"", ""disabled"": ""{navigationDisabled}"", ""key"": ""{item.page}"", ""onClick"": ""{() => onNavigate(item.page)}"", ""type"": ""\""button\""""}"
client/src/App.tsx,611,button,,"{""aria-current"": ""{activePage === \""profile\"" ? \""page\"" : undefined}"", ""aria-label"": ""\""打开个人中心\"""", ""className"": ""{\n              isUserPage ? \""sidebar-user sidebar-user--active\"" : \""sidebar-user\""\n            }"", ""disabled"": ""{navigationDisabled}"", ""onClick"": ""{() => onNavigate(\""profile\"")}"", ""type"": ""\""button\""""}"
client/src/App.tsx,632,button,,"{""aria-controls"": ""\""sidebar-user-actions\"""", ""aria-expanded"": ""{isUserMenuOpen}"", ""aria-label"": ""\""用户菜单\"""", ""className"": ""{\n              isUserPage ? \""sidebar-user sidebar-user--active\"" : \""sidebar-user\""\n            }"", ""disabled"": ""{navigationDisabled}"", ""onClick"": ""{() => setIsUserMenuOpen((isOpen) => !isOpen)}"", ""type"": ""\""button\""""}"
client/src/App.tsx,665,button,,"{""aria-current"": ""{activePage === item.page ? \""page\"" : undefined}"", ""className"": ""{\n                    activePage === item.page\n                      ? \""sidebar-user__menu-item sidebar-user__menu-item--active\""\n                      : \""sidebar-user__menu-item\""\n                  }"", ""disabled"": ""{navigationDisabled}"", ""key"": ""{item.page}"", ""onClick"": ""{() => navigateFromUserMenu(item.page)}"", ""type"": ""\""button\""""}"
client/src/CharacterLibrary.tsx,525,button,重新读取人物库,"{""className"": ""\""secondary-button\"""", ""disabled"": ""{isLoading}"", ""onClick"": ""{() => void loadLibrary()}"", ""type"": ""\""button\""""}"
client/src/CharacterLibrary.tsx,558,button,,"{""aria-label"": ""{`查看人物 ${entry.display_name} 大图`}"", ""className"": ""\""character-preview-card__cover\"""", ""disabled"": ""{coverStatus === \""loading\""}"", ""onClick"": ""{() => {\n                    if (cover && coverStatus === \""error\"") {\n                      void loadPreviewUrls([cover.assetId], true);\n                      return;\n                    }\n                    setLightboxId(entry.identity_id);\n                  }}"", ""type"": ""\""button\""""}"
client/src/CharacterLibrary.tsx,592,input,,"{""aria-label"": ""\""修改人物名称\"""", ""onChange"": ""{(event) => setEditingName(event.target.value)}"", ""type"": ""\""text\"""", ""value"": ""{editingName}""}"
client/src/CharacterLibrary.tsx,598,button,,"{""disabled"": ""{isRenaming}"", ""onClick"": ""{() => void saveRename(entry)}"", ""type"": ""\""button\""""}"
client/src/CharacterLibrary.tsx,605,button,取消,"{""className"": ""\""secondary-button\"""", ""disabled"": ""{isRenaming}"", ""onClick"": ""{cancelRename}"", ""type"": ""\""button\""""}"
client/src/CharacterLibrary.tsx,631,button,改名,"{""className"": ""\""secondary-button\"""", ""onClick"": ""{() => startRename(entry)}"", ""type"": ""\""button\""""}"
client/src/CharacterLibrary.tsx,640,button,,"{""aria-label"": ""{`重新生成人物 ${entry.display_name} 的五视图`}"", ""className"": ""\""secondary-button\"""", ""disabled"": ""{busyRegenerateId !== \""\""}"", ""onClick"": ""{() => void handleRegenerate(entry)}"", ""type"": ""\""button\""""}"
client/src/CharacterLibrary.tsx,653,button,,"{""aria-label"": ""{`删除人物 ${entry.display_name}`}"", ""className"": ""\""secondary-button\"""", ""disabled"": ""{busyDeleteId !== \""\""}"", ""onClick"": ""{() => void handleDelete(entry)}"", ""type"": ""\""button\""""}"
client/src/CharacterLibrary.tsx,742,button,移除失败任务,"{""className"": ""\""secondary-button\"""", ""onClick"": ""{onClear}"", ""type"": ""\""button\""""}"
client/src/CharacterLibrary.tsx,927,button,关闭,"{""aria-label"": ""\""关闭人物预览\"""", ""className"": ""\""secondary-button\"""", ""onClick"": ""{onClose}"", ""type"": ""\""button\""""}"
client/src/CharacterLibrary.tsx,941,button,人物基准,"{""aria-selected"": ""{activeTab === \""base\""}"", ""className"": ""{activeTab === \""base\"" ? \""is-active\"" : undefined}"", ""onClick"": ""{() => setActiveTab(\""base\"")}"", ""role"": ""\""tab\"""", ""type"": ""\""button\""""}"
client/src/CharacterLibrary.tsx,950,button,场景造型,"{""aria-selected"": ""{activeTab === \""scenes\""}"", ""className"": ""{activeTab === \""scenes\"" ? \""is-active\"" : undefined}"", ""onClick"": ""{() => setActiveTab(\""scenes\"")}"", ""role"": ""\""tab\"""", ""type"": ""\""button\""""}"
client/src/CharacterLibrary.tsx,968,button,,"{""className"": ""\""primary-button\"""", ""onClick"": ""{() => setSceneFormOpen((open) => !open)}"", ""type"": ""\""button\""""}"
client/src/CharacterLibrary.tsx,984,input,,"{""maxLength"": ""{80}"", ""placeholder"": ""\""例如：工地巡检\"""", ""value"": ""{sceneName}"", ""onChange"": ""{(event) => setSceneName(event.target.value)}""}"
client/src/CharacterLibrary.tsx,993,textarea,,"{""maxLength"": ""{600}"", ""placeholder"": ""\""例如：乡村别墅施工现场，白天自然光\"""", ""value"": ""{sceneDescription}"", ""onChange"": ""{(event) =>\n                      setSceneDescription(event.target.value)\n                    }""}"
client/src/CharacterLibrary.tsx,1004,textarea,,"{""maxLength"": ""{600}"", ""placeholder"": ""\""例如：黄色安全帽、深蓝色工装和反光背心\"""", ""value"": ""{costumeDescription}"", ""onChange"": ""{(event) =>\n                      setCostumeDescription(event.target.value)\n                    }""}"
client/src/CharacterLibrary.tsx,1014,button,,"{""className"": ""\""primary-button\"""", ""disabled"": ""{sceneGenerating}"", ""type"": ""\""submit\""""}"
client/src/CharacterLibrary.tsx,1061,button,,"{""aria-label"": ""{`查看${look.scene_name}五视图`}"", ""className"": ""\""secondary-button\"""", ""onClick"": ""{() =>\n                            setExpandedSceneId((current) =>\n                              current === look.persona_id\n                                ? \""\""\n                                : look.persona_id,\n                            )\n                          }"", ""type"": ""\""button\""""}"
client/src/CharacterLibrary.tsx,1097,button,收起,"{""className"": ""\""secondary-button\"""", ""onClick"": ""{() => setExpandedSceneId(\""\"")}"", ""type"": ""\""button\""""}"
client/src/CharacterLibrary.tsx,1132,button,,"{""className"": ""\""secondary-button\"""", ""disabled"": ""{Boolean(busyDownloadKey) || !sheetUrl}"", ""onClick"": ""{() => void onDownloadSheet(entry)}"", ""type"": ""\""button\""""}"
client/src/CharacterLibrary.tsx,1152,button,,"{""className"": ""\""secondary-button\"""", ""disabled"": ""{Boolean(busyDownloadKey)}"", ""onClick"": ""{() => void onDownloadAll(entry)}"", ""type"": ""\""button\""""}"
client/src/CharacterLibrary.tsx,1186,button,,"{""className"": ""\""secondary-button\"""", ""disabled"": ""{Boolean(busyDownloadKey) || !previewUrl}"", ""onClick"": ""{() => void onDownloadView(entry, view)}"", ""type"": ""\""button\""""}"
client/src/CharacterReferenceSelection.tsx,330,input,,"{""checked"": ""{checked}"", ""disabled"": ""{\n                    readOnly ||\n                    automaticReference ||\n                    isSubmitting ||\n                    (!checked && !previewUrls[candidate.asset_id])\n                  }"", ""onChange"": ""{() => toggleAsset(candidate.asset_id)}"", ""type"": ""\""checkbox\""""}"
client/src/CharacterReferenceSelection.tsx,372,button,,"{""className"": ""\""source-frame-confirm\"""", ""disabled"": ""{\n            isLoading ||\n            isSubmitting ||\n            selectedAssetIds.length < 1 ||\n            selectedAssetIds.length > 4 ||\n            selectedAssetIds.some((assetId) => !previewUrls[assetId])\n          }"", ""onClick"": ""{handleConfirm}"", ""type"": ""\""button\""""}"
client/src/CharacterSelection.tsx,351,select,,"{""aria-label"": ""\""角色版本\"""", ""disabled"": ""{readOnly || isRestoring || isSaving || isAutoSelecting}"", ""onChange"": ""{(event) => void handleInlineChange(event.target.value)}"", ""value"": ""{selectedVersionId}""}"
client/src/CharacterSelection.tsx,387,button,切换到 V,"{""className"": ""\""secondary-button\"""", ""disabled"": ""{isSaving || isAutoSelecting}"", ""onClick"": ""{() =>\n                  void handleInlineChange(newerVersion.character_version_id)\n                }"", ""type"": ""\""button\""""}"
client/src/CharacterSelection.tsx,435,button,,"{""className"": ""\""secondary-button\"""", ""disabled"": ""{isRestoring}"", ""onClick"": ""{openSelection}"", ""type"": ""\""button\""""}"
client/src/CharacterSelection.tsx,450,button,更换,"{""onClick"": ""{openSelection}"", ""type"": ""\""button\""""}"
client/src/CharacterSelection.tsx,465,button,,"{""className"": ""\""secondary-button\"""", ""onClick"": ""{() => setIsUploadOpen((open) => !open)}"", ""type"": ""\""button\""""}"
client/src/CharacterSelection.tsx,474,button,关闭,"{""type"": ""\""button\"""", ""className"": ""\""secondary-button\"""", ""onClick"": ""{() => setIsOpen(false)}""}"
client/src/CharacterSelection.tsx,523,input,,"{""checked"": ""{isSelected}"", ""disabled"": ""{readOnly}"", ""name"": ""\""main-character-version\"""", ""onChange"": ""{() => {\n                        setSelectedVersionId(version.character_version_id);\n                        setMessage(\""\"");\n                      }}"", ""type"": ""\""radio\"""", ""value"": ""{version.character_version_id}""}"
client/src/CharacterSelection.tsx,579,button,,"{""disabled"": ""{\n                isLoading ||\n                isSaving ||\n                isAutoSelecting ||\n                !selectedVersionId ||\n                selectedOption?.assets.length !== 7\n              }"", ""onClick"": ""{saveSelection}"", ""type"": ""\""button\""""}"
client/src/FirstFrameSelection.tsx,488,select,,"{""aria-label"": ""\""首帧生成模式\"""", ""disabled"": ""{readOnly || isSubmitting || !canGenerate}"", ""onChange"": ""{(event) =>\n                setModel(event.target.value as FirstFrameModel)\n              }"", ""value"": ""{model}""}"
client/src/FirstFrameSelection.tsx,502,input,,"{""aria-label"": ""\""候选数量\"""", ""disabled"": ""{readOnly || isSubmitting || !canGenerate}"", ""max"": ""\""3\"""", ""min"": ""\""1\"""", ""onChange"": ""{(event) => setQuantity(Number(event.target.value))}"", ""type"": ""\""number\"""", ""value"": ""{quantity}""}"
client/src/FirstFrameSelection.tsx,517,textarea,,"{""aria-label"": ""\""首帧编辑提示词\"""", ""disabled"": ""{readOnly || isSubmitting || !canGenerate}"", ""onChange"": ""{(event) => setPrompt(event.target.value)}"", ""rows"": ""{5}"", ""value"": ""{prompt}""}"
client/src/FirstFrameSelection.tsx,527,button,,"{""disabled"": ""{readOnly || isSubmitting || !canGenerate}"", ""onClick"": ""{handleGenerate}"", ""type"": ""\""button\""""}"
client/src/FirstFrameSelection.tsx,538,button,,"{""className"": ""\""secondary-button\"""", ""disabled"": ""{\n            readOnly ||\n            isSubmitting ||\n            !selectedAssetId ||\n            !selectedPreview ||\n            isHistoryVersion\n          }"", ""onClick"": ""{handleConfirm}"", ""type"": ""\""button\""""}"
client/src/FirstFrameSelection.tsx,655,button,版本 #,"{""className"": ""{\n                historyVersion.id === version?.id\n                  ? \""history-version history-version--active\""\n                  : \""history-version\""\n              }"", ""key"": ""{historyVersion.id}"", ""disabled"": ""{isSubmitting}"", ""onClick"": ""{() => void load(historyVersion)}"", ""type"": ""\""button\""""}"
client/src/FirstFrameSelection.tsx,723,input,,"{""checked"": ""{checked}"", ""disabled"": ""{disabled}"", ""name"": ""\""first-frame\"""", ""onChange"": ""{onSelect}"", ""type"": ""\""radio\"""", ""value"": ""{candidate.asset_id}""}"
client/src/GenerationLauncher.tsx,154,input,,"{""checked"": ""{ratio === value}"", ""disabled"": ""{readOnly || busy}"", ""name"": ""\""generation-ratio\"""", ""onChange"": ""{() => onRatioChange?.(value)}"", ""type"": ""\""radio\"""", ""value"": ""{value}""}"
client/src/GenerationLauncher.tsx,169,select,,"{""aria-label"": ""\""成片时长\"""", ""disabled"": ""{readOnly || busy}"", ""onChange"": ""{(event) => onDurationChange(event.target.value)}"", ""value"": ""{outputDuration}""}"
client/src/GenerationLauncher.tsx,181,select,,"{""aria-label"": ""\""分辨率\"""", ""disabled"": ""{readOnly || busy}"", ""onChange"": ""{(event) =>\n                onResolutionChange(event.target.value as \""768P\"" | \""2K\"")\n              }"", ""value"": ""{resolution}""}"
client/src/GenerationLauncher.tsx,197,button,,"{""disabled"": ""{!canCompile}"", ""onClick"": ""{onCompilePrompt}"", ""type"": ""\""button\""""}"
client/src/GenerationLauncher.tsx,204,textarea,,"{""aria-label"": ""\""视频生成提示词内容\"""", ""onChange"": ""{(event) => onPromptTextChange(event.target.value)}"", ""readOnly"": ""{\n                  readOnly ||\n                  busyAction === \""compile\"" ||\n                  busyAction === \""prompt\"" ||\n                  promptStatus === \""LOCKED\"" ||\n                  promptStatus === \""USED\""\n                }"", ""rows"": ""{10}"", ""maxLength"": ""{7000}"", ""value"": ""{promptText}""}"
client/src/GenerationLauncher.tsx,235,button,,"{""disabled"": ""{readOnly || !promptDirty || busy || promptStale}"", ""onClick"": ""{onSavePromptRevision}"", ""type"": ""\""button\""""}"
client/src/GenerationLauncher.tsx,242,button,,"{""disabled"": ""{\n                  readOnly ||\n                  promptDirty ||\n                  promptStale ||\n                  busy ||\n                  promptStatus === \""LOCKED\"" ||\n                  promptStatus === \""USED\""\n                }"", ""onClick"": ""{onLockPrompt}"", ""type"": ""\""button\""""}"
client/src/GenerationLauncher.tsx,267,button,应用,"{""className"": ""\""secondary-button\"""", ""disabled"": ""{readOnly || busy}"", ""key"": ""{saved.id}"", ""onClick"": ""{() => onApplySavedPrompt?.(saved.id)}"", ""type"": ""\""button\""""}"
client/src/GenerationLauncher.tsx,290,select,,"{""aria-label"": ""\""生成数量\"""", ""disabled"": ""{readOnly || busy}"", ""onChange"": ""{(event) => onQuantityChange(event.target.value)}"", ""value"": ""{quantityInput}""}"
client/src/GenerationLauncher.tsx,323,button,,"{""disabled"": ""{!canCreateBatch}"", ""onClick"": ""{onCreateBatch}"", ""type"": ""\""button\""""}"
client/src/GenerationLauncher.tsx,333,button,恢复已提交批次,"{""className"": ""\""secondary-button\"""", ""disabled"": ""{readOnly || busy}"", ""onClick"": ""{onRecoverBatch}"", ""type"": ""\""button\""""}"
client/src/ProjectDetailFlow.tsx,488,button,重试匹配,"{""className"": ""\""secondary-button\"""", ""onClick"": ""{retryReferenceMatch}"", ""type"": ""\""button\""""}"
client/src/ProjectDetailFlow.tsx,520,button,返回项目列表,"{""className"": ""\""secondary-button\"""", ""disabled"": ""{isBusy}"", ""onClick"": ""{onBack}"", ""type"": ""\""button\""""}"
client/src/ProjectDetailFlow.tsx,613,textarea,,"{""aria-label"": ""\""自定义文案\"""", ""disabled"": ""{readOnly}"", ""onChange"": ""{(event) => setScriptText(event.target.value)}"", ""value"": ""{scriptText}""}"
client/src/ProjectDetailFlow.tsx,647,select,,"{""aria-label"": ""\""画面比例\"""", ""onChange"": ""{(event) =>\n                    setGenerationRatio(event.target.value as GenerationRatio)\n                  }"", ""value"": ""{generationRatio}""}"
client/src/ProjectDetailFlow.tsx,665,select,,"{""aria-label"": ""\""成片时长\"""", ""onChange"": ""{(event) =>\n                    setGenerationDuration(Number(event.target.value) as 4 | 15)\n                  }"", ""value"": ""{generationDuration}""}"
client/src/ProjectDetailFlow.tsx,678,select,,"{""aria-label"": ""\""生成数量\"""", ""onChange"": ""{(event) =>\n                    setGenerationQuantity(\n                      Number(event.target.value) as 1 | 2 | 4,\n                    )\n                  }"", ""value"": ""{generationQuantity}""}"
client/src/ProjectDetailFlow.tsx,709,button,,"{""disabled"": ""{!canStart}"", ""onClick"": ""{() => void handleStartGeneration()}"", ""type"": ""\""button\""""}"
client/src/ProjectsPage.tsx,404,input,,"{""accept"": ""\"".mp4,.mov,video/mp4,video/quicktime\"""", ""aria-label"": ""\""选择一个或多个参考视频\"""", ""hidden"": ""true"", ""multiple"": ""true"", ""onChange"": ""{handleFileChange}"", ""ref"": ""{fileInputRef}"", ""type"": ""\""file\""""}"
client/src/ProjectsPage.tsx,413,input,,"{""accept"": ""\"".mp4,.mov,video/mp4,video/quicktime\"""", ""aria-label"": ""\""重新上传参考视频\"""", ""hidden"": ""true"", ""onChange"": ""{handleRebindFileChange}"", ""ref"": ""{rebindFileInputRef}"", ""type"": ""\""file\""""}"
client/src/ProjectsPage.tsx,428,button,,"{""disabled"": ""{isUploading}"", ""onClick"": ""{() => fileInputRef.current?.click()}"", ""type"": ""\""button\""""}"
client/src/ProjectsPage.tsx,497,button,取消上传,"{""className"": ""\""secondary-button\"""", ""onClick"": ""{() =>\n                      abortControllersRef.current.get(item.key)?.abort()\n                    }"", ""type"": ""\""button\""""}"
client/src/ProjectsPage.tsx,508,button,知道了,"{""className"": ""\""secondary-button\"""", ""onClick"": ""{() =>\n                    setUploads((current) =>\n                      current.filter((entry) => entry.key !== item.key),\n                    )\n                  }"", ""type"": ""\""button\""""}"
client/src/ProjectsPage.tsx,548,input,,"{""aria-label"": ""\""修改项目名称\"""", ""onChange"": ""{(event) =>\n                            setEditingProjectName(event.target.value)\n                          }"", ""type"": ""\""text\"""", ""value"": ""{editingProjectName}""}"
client/src/ProjectsPage.tsx,556,button,,"{""disabled"": ""{isRenaming}"", ""onClick"": ""{() => void saveRename(project)}"", ""type"": ""\""button\""""}"
client/src/ProjectsPage.tsx,563,button,取消,"{""className"": ""\""secondary-button\"""", ""disabled"": ""{isRenaming}"", ""onClick"": ""{cancelRename}"", ""type"": ""\""button\""""}"
client/src/ProjectsPage.tsx,574,button,,"{""aria-label"": ""{`打开项目 ${project.name}`}"", ""className"": ""\""projects-list__main\"""", ""onClick"": ""{() => onOpenAnalysis(project)}"", ""type"": ""\""button\""""}"
client/src/ProjectsPage.tsx,593,button,生成视频,"{""className"": ""\""projects-generate-button\"""", ""onClick"": ""{() => onOpenDetail(project)}"", ""type"": ""\""button\""""}"
client/src/ProjectsPage.tsx,602,button,查看流程,"{""className"": ""\""secondary-button\"""", ""onClick"": ""{() => onOpenDetail(project)}"", ""type"": ""\""button\""""}"
client/src/ProjectsPage.tsx,613,button,,"{""className"": ""\""projects-generate-button\"""", ""disabled"": ""{\n                                retryingAnalysisProjectId === project.id\n                              }"", ""onClick"": ""{() => void handleRetryAnalysis(project)}"", ""type"": ""\""button\""""}"
client/src/ProjectsPage.tsx,628,button,重新上传,"{""className"": ""\""secondary-button\"""", ""disabled"": ""{\n                                isUploading || Boolean(deletingProjectId)\n                              }"", ""onClick"": ""{() => requestRebind(project)}"", ""type"": ""\""button\""""}"
client/src/ProjectsPage.tsx,640,button,重命名,"{""className"": ""\""secondary-button\"""", ""onClick"": ""{() => startRename(project)}"", ""type"": ""\""button\""""}"
client/src/ProjectsPage.tsx,649,button,,"{""aria-label"": ""{`删除项目 ${project.name}`}"", ""className"": ""\""secondary-button project-delete-button\"""", ""disabled"": ""{\n                                isUploading || Boolean(deletingProjectId)\n                              }"", ""onClick"": ""{() => void handleDeleteProject(project)}"", ""type"": ""\""button\""""}"
client/src/PromptMarkdown.tsx,104,button,,"{""className"": ""\""secondary-button\"""", ""onClick"": ""{() => void handleCopy()}"", ""type"": ""\""button\""""}"
client/src/PromptMarkdown.tsx,112,button,编辑,"{""className"": ""\""secondary-button\"""", ""onClick"": ""{startEditing}"", ""type"": ""\""button\""""}"
client/src/PromptMarkdown.tsx,129,textarea,,"{""aria-label"": ""\""提示词源码\"""", ""maxLength"": ""{7000}"", ""onChange"": ""{(event) => setDraft(event.target.value)}"", ""spellCheck"": ""{false}"", ""value"": ""{draft}""}"
client/src/PromptMarkdown.tsx,138,button,,"{""disabled"": ""{isSaving}"", ""onClick"": ""{() => void handleSave()}"", ""type"": ""\""button\""""}"
client/src/PromptMarkdown.tsx,145,button,取消,"{""className"": ""\""secondary-button\"""", ""disabled"": ""{isSaving}"", ""onClick"": ""{cancelEditing}"", ""type"": ""\""button\""""}"
client/src/RootApp.tsx,197,button,,"{""type"": ""\""button\"""", ""onClick"": ""{onAction}""}"
client/src/ScriptEditor.tsx,45,input,,"{""checked"": ""{scriptSource === \""original\""}"", ""disabled"": ""{readOnly || busy}"", ""name"": ""\""script-source\"""", ""onChange"": ""{() => onChooseSource(\""original\"")}"", ""type"": ""\""radio\""""}"
client/src/ScriptEditor.tsx,55,input,,"{""aria-label"": ""\""自定义稿\"""", ""checked"": ""{scriptSource === \""custom\""}"", ""disabled"": ""{readOnly || busy}"", ""name"": ""\""script-source\"""", ""onChange"": ""{() => onChooseSource(\""custom\"")}"", ""type"": ""\""radio\""""}"
client/src/ScriptEditor.tsx,68,textarea,,"{""aria-label"": ""\""口播稿内容\"""", ""onChange"": ""{(event) => onScriptTextChange(event.target.value)}"", ""readOnly"": ""{readOnly || scriptSource === \""original\""}"", ""rows"": ""{6}"", ""value"": ""{scriptText}""}"
client/src/ScriptEditor.tsx,77,button,,"{""disabled"": ""{readOnly || busy || !scriptText.trim()}"", ""onClick"": ""{onRewriteScript}"", ""type"": ""\""button\""""}"
client/src/ScriptEditor.tsx,84,button,,"{""disabled"": ""{readOnly || busy || !scriptText.trim()}"", ""onClick"": ""{onSaveScript}"", ""type"": ""\""button\""""}"
client/src/SettingsPanel.tsx,314,input,,"{""disabled"": ""{readOnly}"", ""type"": ""{field.secret && !isVisible ? \""password\"" : \""text\""}"", ""value"": ""{values[field.name] ?? \""\""}"", ""placeholder"": ""{\n                    field.secret && settings.configured\n                      ? \""已保存，留空不修改\""\n                      : field.placeholder\n                  }"", ""onChange"": ""{(event) =>\n                    setValues((current) => ({\n                      ...current,\n                      [field.name]: event.target.value,\n                    }))\n                  }""}"
client/src/SettingsPanel.tsx,331,button,,"{""disabled"": ""{readOnly}"", ""type"": ""\""button\"""", ""className"": ""\""secret-toggle\"""", ""aria-label"": ""{\n                      isVisible ? `隐藏${field.label}` : `显示${field.label}`\n                    }"", ""aria-pressed"": ""{isVisible}"", ""onClick"": ""{() => toggleSecretVisibility(field.name)}""}"
client/src/SettingsPanel.tsx,350,button,,"{""type"": ""\""submit\"""", ""disabled"": ""{readOnly || isSaving || isTesting}""}"
client/src/SettingsPanel.tsx,353,button,,"{""type"": ""\""button\"""", ""className"": ""\""secondary-button\"""", ""onClick"": ""{handleTest}"", ""disabled"": ""{readOnly || isSaving || isTesting}""}"
client/src/SettingsPanel.tsx,430,input,,"{""disabled"": ""{readOnly || isSaving}"", ""type"": ""\""number\"""", ""min"": ""\""1\"""", ""value"": ""{values.max_generation_count_per_batch}"", ""onChange"": ""{(event) =>\n              setValues((current) => ({\n                ...current,\n                max_generation_count_per_batch: Number(event.target.value),\n              }))\n            }""}"
client/src/SettingsPanel.tsx,445,input,,"{""disabled"": ""{readOnly || isSaving}"", ""type"": ""\""number\"""", ""min"": ""\""1\"""", ""value"": ""{values.max_concurrent_h3_tasks}"", ""onChange"": ""{(event) =>\n              setValues((current) => ({\n                ...current,\n                max_concurrent_h3_tasks: Number(event.target.value),\n              }))\n            }""}"
client/src/SettingsPanel.tsx,464,button,,"{""disabled"": ""{readOnly || isSaving}"", ""type"": ""\""submit\""""}"
client/src/SimpleCharacterUpload.tsx,110,input,,"{""onChange"": ""{(event) => setDisplayName(event.target.value)}"", ""placeholder"": ""\""例如：荣哥\"""", ""type"": ""\""text\"""", ""value"": ""{displayName}""}"
client/src/SimpleCharacterUpload.tsx,118,input,,"{""accept"": ""{ALLOWED_TYPES.join(\"",\"")}"", ""aria-label"": ""\""授权图片\"""", ""hidden"": ""true"", ""onChange"": ""{(event) => pickFile(event.target.files?.[0])}"", ""ref"": ""{fileInputRef}"", ""type"": ""\""file\""""}"
client/src/SimpleCharacterUpload.tsx,126,button,选择图片,"{""className"": ""\""secondary-button\"""", ""disabled"": ""{busy}"", ""onClick"": ""{() => fileInputRef.current?.click()}"", ""type"": ""\""button\""""}"
client/src/SimpleCharacterUpload.tsx,138,button,,"{""className"": ""\""simple-character-upload__submit\"""", ""disabled"": ""{busy}"", ""onClick"": ""{submit}"", ""type"": ""\""button\""""}"
client/src/SourceFrameSelection.tsx,482,button,重新检查状态,"{""className"": ""\""secondary-button\"""", ""onClick"": ""{() => void loadCandidates()}"", ""type"": ""\""button\""""}"
client/src/SourceFrameSelection.tsx,490,button,停止并重新取帧,"{""className"": ""\""secondary-button\"""", ""onClick"": ""{() => void handleRestart()}"", ""type"": ""\""button\""""}"
client/src/SourceFrameSelection.tsx,501,button,重新开始取帧,"{""className"": ""\""secondary-button\"""", ""disabled"": ""{isSubmitting || !referenceAssetId}"", ""onClick"": ""{() => void handleRestart()}"", ""type"": ""\""button\""""}"
client/src/SourceFrameSelection.tsx,526,button,,"{""className"": ""\""secondary-button\"""", ""disabled"": ""{isSubmitting || !referenceAssetId}"", ""onClick"": ""{handleExtract}"", ""type"": ""\""button\""""}"
client/src/SourceFrameSelection.tsx,536,input,,"{""disabled"": ""{isSubmitting}"", ""max"": ""{\n                      videoDurationSeconds === null\n                        ? undefined\n                        : Math.max(0, videoDurationSeconds - 0.1)\n                    }"", ""min"": ""\""0\"""", ""onChange"": ""{(event) =>\n                      setManualTimestamp(Number(event.target.value))\n                    }"", ""step"": ""\""0.1\"""", ""type"": ""\""number\"""", ""value"": ""{manualTimestamp}""}"
client/src/SourceFrameSelection.tsx,552,button,从该时间取帧,"{""className"": ""\""secondary-button\"""", ""disabled"": ""{isSubmitting || !referenceAssetId}"", ""onClick"": ""{() => void handleManualExtract()}"", ""type"": ""\""button\""""}"
client/src/SourceFrameSelection.tsx,573,input,,"{""checked"": ""{selectedAssetId === candidate.asset_id}"", ""disabled"": ""{\n                      readOnly ||\n                      isSubmitting ||\n                      !previewUrls[candidate.asset_id]\n                    }"", ""name"": ""\""source-frame\"""", ""onChange"": ""{() => {\n                      setSelectedAssetId(candidate.asset_id);\n                      setStatus(\""已选择其他源画面，点击下方按钮应用。\"");\n                    }}"", ""type"": ""\""radio\"""", ""value"": ""{candidate.asset_id}""}"
client/src/SourceFrameSelection.tsx,618,button,确认源画面并继续,"{""className"": ""\""source-frame-confirm\"""", ""disabled"": ""{\n                  isSubmitting ||\n                  !selectedAssetId ||\n                  !previewUrls[selectedAssetId]\n                }"", ""onClick"": ""{handleConfirm}"", ""type"": ""\""button\""""}"
client/src/TaskRecordsPanel.tsx,847,button,刷新,"{""className"": ""\""secondary-button\"""", ""disabled"": ""{isHistoryLoading}"", ""onClick"": ""{() => {\n                void loadHistory();\n                setPollingRevision((current) => current + 1);\n              }}"", ""type"": ""\""button\""""}"
client/src/TaskRecordsPanel.tsx,882,input,,"{""aria-label"": ""\""修改批次名称\"""", ""onChange"": ""{(event) =>\n                          setEditingBatchName(event.target.value)\n                        }"", ""type"": ""\""text\"""", ""value"": ""{editingBatchName}""}"
client/src/TaskRecordsPanel.tsx,890,button,,"{""disabled"": ""{isRenaming}"", ""onClick"": ""{() => void saveBatchRename(item)}"", ""type"": ""\""button\""""}"
client/src/TaskRecordsPanel.tsx,897,button,取消,"{""className"": ""\""secondary-button\"""", ""disabled"": ""{isRenaming}"", ""onClick"": ""{cancelBatchRename}"", ""type"": ""\""button\""""}"
client/src/TaskRecordsPanel.tsx,914,button,,"{""aria-label"": ""{`打开批次 ${item.id}`}"", ""aria-pressed"": ""{item.id === activeBatchId}"", ""className"": ""\""batch-history-card__main\"""", ""onClick"": ""{() => selectBatch(item.id)}"", ""type"": ""\""button\""""}"
client/src/TaskRecordsPanel.tsx,943,button,重命名,"{""className"": ""\""secondary-button\"""", ""onClick"": ""{() => startBatchRename(item)}"", ""type"": ""\""button\""""}"
client/src/TaskRecordsPanel.tsx,950,button,,"{""aria-label"": ""{`删除批次 ${displayName}`}"", ""className"": ""\""secondary-button batch-delete-button\"""", ""disabled"": ""{isDeleting}"", ""onClick"": ""{() => void handleDeleteBatch(item)}"", ""type"": ""\""button\""""}"
client/src/TaskRecordsPanel.tsx,968,button,加载更多任务记录,"{""className"": ""\""load-more-button\"""", ""disabled"": ""{isHistoryLoading}"", ""onClick"": ""{() => void loadHistory(nextCursor, true)}"", ""type"": ""\""button\""""}"
client/src/TaskRecordsPanel.tsx,1020,button,返回生成结果,"{""className"": ""\""secondary-button\"""", ""onClick"": ""{() => setViewMode(\""stage\"")}"", ""type"": ""\""button\""""}"
client/src/TaskRecordsPanel.tsx,1079,input,,"{""id"": ""\""batch-id\"""", ""value"": ""{batchIdInput}"", ""placeholder"": ""\""粘贴 generation batch id\"""", ""onChange"": ""{(event) => setBatchIdInput(event.target.value)}""}"
client/src/TaskRecordsPanel.tsx,1085,button,查询任务记录,"{""type"": ""\""submit\"""", ""disabled"": ""{!batchIdInput.trim()}""}"
client/src/TaskRecordsPanel.tsx,1117,button,立即刷新,"{""onClick"": ""{onRetry}"", ""type"": ""\""button\""""}"
client/src/TaskRecordsPanel.tsx,1282,input,,"{""aria-label"": ""\""整批重生成原因\"""", ""disabled"": ""{batchActionBusy}"", ""maxLength"": ""{500}"", ""onChange"": ""{(event) =>\n                  onBatchRegenerationReasonChange(event.target.value)\n                }"", ""placeholder"": ""\""说明为什么需要再生成整批视频\"""", ""value"": ""{batchRegenerationReason}""}"
client/src/TaskRecordsPanel.tsx,1294,input,,"{""aria-label"": ""{`确认新建 ${batch.quantity} 个付费任务`}"", ""checked"": ""{batchPaymentConfirmed}"", ""disabled"": ""{batchActionBusy}"", ""onChange"": ""{(event) =>\n                  onBatchPaymentConfirmationChange(event.target.checked)\n                }"", ""type"": ""\""checkbox\""""}"
client/src/TaskRecordsPanel.tsx,1305,button,整批付费再次生成,"{""disabled"": ""{\n                !batchReason || !batchPaymentConfirmed || batchActionBusy\n              }"", ""onClick"": ""{onRegenerateBatch}"", ""type"": ""\""button\""""}"
client/src/TaskRecordsPanel.tsx,1453,button,,"{""disabled"": ""{activeResultAction === previewAction}"", ""onClick"": ""{() => void onPreview(task)}"", ""type"": ""\""button\""""}"
client/src/TaskRecordsPanel.tsx,1460,button,,"{""disabled"": ""{downloadFeedback?.status === \""pending\""}"", ""onClick"": ""{() => void onDownload(task)}"", ""type"": ""\""button\""""}"
client/src/TaskRecordsPanel.tsx,1569,button,对账,"{""aria-label"": ""{`对账 ${task.id}`}"", ""disabled"": ""{taskActionBusy}"", ""type"": ""\""button\"""", ""onClick"": ""{() => onReconcile(task.id)}""}"
client/src/TaskRecordsPanel.tsx,1581,input,,"{""aria-label"": ""{`处理原因 ${task.id}`}"", ""disabled"": ""{taskActionBusy}"", ""maxLength"": ""{500}"", ""onChange"": ""{(event) =>\n                          onTaskActionReasonChange(task.id, event.target.value)\n                        }"", ""placeholder"": ""\""填写本次处理依据\"""", ""value"": ""{taskActionReason}""}"
client/src/TaskRecordsPanel.tsx,1594,button,,"{""aria-label"": ""{`${task.archive_status === \""ARCHIVE_FAILED\"" ? \""重试归档\"" : \""安全重试\""} ${task.id}`}"", ""disabled"": ""{!actionReason || taskActionBusy}"", ""onClick"": ""{() => onRetry(task)}"", ""type"": ""\""button\""""}"
client/src/TaskRecordsPanel.tsx,1606,button,确认未计费并重新入队,"{""aria-label"": ""{`确认未计费 ${task.id}`}"", ""disabled"": ""{!actionReason || taskActionBusy}"", ""onClick"": ""{() => onConfirmNotCharged(task)}"", ""type"": ""\""button\""""}"
client/src/TaskRecordsPanel.tsx,1634,input,,"{""aria-label"": ""{`重新生成原因 ${task.id}`}"", ""disabled"": ""{taskActionBusy}"", ""maxLength"": ""{500}"", ""onChange"": ""{(event) =>\n                        onTaskActionReasonChange(task.id, event.target.value)\n                      }"", ""placeholder"": ""\""填写本次新增付费生成的原因\"""", ""value"": ""{taskActionReason}""}"
client/src/TaskRecordsPanel.tsx,1646,input,,"{""aria-label"": ""{`确认为任务 ${task.id} 新增一次付费生成`}"", ""checked"": ""{taskPaymentConfirmed}"", ""disabled"": ""{taskActionBusy}"", ""onChange"": ""{(event) =>\n                        onTaskPaymentConfirmationChange(\n                          task.id,\n                          event.target.checked,\n                        )\n                      }"", ""type"": ""\""checkbox\""""}"
client/src/TaskRecordsPanel.tsx,1660,button,付费重新生成,"{""aria-label"": ""{`付费重新生成 ${task.id}`}"", ""disabled"": ""{\n                      !actionReason || !taskPaymentConfirmed || taskActionBusy\n                    }"", ""onClick"": ""{() => onRegenerate(task)}"", ""type"": ""\""button\""""}"
client/src/VideoResultStage.tsx,81,button,打开文件夹,"{""className"": ""\""secondary-button\"""", ""onClick"": ""{() => onOpenFolder(feedback.downloadId)}"", ""type"": ""\""button\""""}"
client/src/VideoResultStage.tsx,254,button,,"{""aria-label"": ""\""下载 MP4\"""", ""disabled"": ""{downloadBusy}"", ""onClick"": ""{() => onDownload(activeTask)}"", ""type"": ""\""button\""""}"
client/src/VideoResultStage.tsx,264,button,,"{""className"": ""\""secondary-button\"""", ""disabled"": ""{regenerateBusy}"", ""onClick"": ""{() => {\n                setIsRegenerateOpen(!isRegenerateOpen);\n                setRegenerateReason(\""\"");\n                setRegenerateDetail(\""\"");\n                setRegenerateConfirmed(false);\n              }}"", ""type"": ""\""button\""""}"
client/src/VideoResultStage.tsx,366,input,,"{""checked"": ""{regenerateReason === reason}"", ""name"": ""{`regenerate-reason-${activeTask.id}`}"", ""onChange"": ""{() => setRegenerateReason(reason)}"", ""type"": ""\""radio\"""", ""value"": ""{reason}""}"
client/src/VideoResultStage.tsx,379,input,,"{""aria-label"": ""{`再次生成补充说明 ${activeTask.id}`}"", ""disabled"": ""{regenerateBusy}"", ""maxLength"": ""{200}"", ""onChange"": ""{(event) => setRegenerateDetail(event.target.value)}"", ""value"": ""{regenerateDetail}""}"
client/src/VideoResultStage.tsx,388,input,,"{""aria-label"": ""{`确认为任务 ${activeTask.id} 新增一次付费生成`}"", ""checked"": ""{regenerateConfirmed}"", ""disabled"": ""{regenerateBusy}"", ""onChange"": ""{(event) => setRegenerateConfirmed(event.target.checked)}"", ""type"": ""\""checkbox\""""}"
client/src/VideoResultStage.tsx,397,button,确认再次生成,"{""disabled"": ""{\n              !regenerateReason || !regenerateConfirmed || regenerateBusy\n            }"", ""onClick"": ""{handleRegenerateSubmit}"", ""type"": ""\""button\""""}"
client/src/VideoResultStage.tsx,422,button,,"{""aria-label"": ""{`查看结果 ${index + 1}：${task.id}`}"", ""aria-pressed"": ""{isActive}"", ""className"": ""{\n                    isActive\n                      ? \""video-stage-cell video-stage-cell--active\""\n                      : \""video-stage-cell\""\n                  }"", ""key"": ""{task.id}"", ""onClick"": ""{() => setActiveTaskId(task.id)}"", ""type"": ""\""button\""""}"
client/src/VideoResultStage.tsx,576,button,,"{""aria-label"": ""{`播放 ${taskLabel}`}"", ""className"": ""\""stage-video-player__bigplay\"""", ""onClick"": ""{togglePlay}"", ""type"": ""\""button\""""}"
client/src/VideoResultStage.tsx,586,button,,"{""aria-label"": ""{isPlaying ? \""暂停\"" : \""播放\""}"", ""onClick"": ""{togglePlay}"", ""type"": ""\""button\""""}"
client/src/VideoResultStage.tsx,596,input,,"{""aria-label"": ""\""播放进度\"""", ""className"": ""\""stage-video-player__seek\"""", ""max"": ""{duration || 0}"", ""min"": ""{0}"", ""onChange"": ""{(event) => handleSeek(Number(event.target.value))}"", ""step"": ""{0.1}"", ""type"": ""\""range\"""", ""value"": ""{Math.min(currentTime, duration || 0)}""}"
client/src/VideoResultStage.tsx,606,button,,"{""aria-label"": ""{isMuted ? \""取消静音\"" : \""静音\""}"", ""onClick"": ""{toggleMute}"", ""type"": ""\""button\""""}"
client/src/VideoResultStage.tsx,613,input,,"{""aria-label"": ""\""音量\"""", ""className"": ""\""stage-video-player__volume\"""", ""max"": ""{1}"", ""min"": ""{0}"", ""onChange"": ""{(event) => handleVolumeChange(Number(event.target.value))}"", ""step"": ""{0.05}"", ""type"": ""\""range\"""", ""value"": ""{isMuted ? 0 : volume}""}"
client/src/VideoResultStage.tsx,623,button,全屏,"{""onClick"": ""{() => void toggleFullscreen()}"", ""type"": ""\""button\""""}"
client/src/VideoResultStage.tsx,680,button,查看运维详情,"{""className"": ""\""link-button\"""", ""onClick"": ""{onOpenOpsDetail}"", ""type"": ""\""button\""""}"
client/src/VideoResultStage.tsx,746,button,,"{""disabled"": ""{retryBusy}"", ""onClick"": ""{onRetry}"", ""type"": ""\""button\""""}"
client/src/VideoResultStage.tsx,750,button,下载原文件,"{""className"": ""\""secondary-button\"""", ""disabled"": ""{downloadBusy}"", ""onClick"": ""{onDownload}"", ""type"": ""\""button\""""}"
client/src/VideoResultStage.tsx,760,button,查看技术详情,"{""className"": ""\""link-button\"""", ""onClick"": ""{onOpenOpsDetail}"", ""type"": ""\""button\""""}"
client/src/VideoResultStage.tsx,871,button,任务操作,"{""aria-label"": ""\""运维详情\"""", ""className"": ""\""link-button video-stage-ops-entry\"""", ""onClick"": ""{onOpenOpsDetail}"", ""type"": ""\""button\""""}"
client/src/WalletPanel.tsx,203,button,,"{""aria-label"": ""{`充值${amount}元`}"", ""disabled"": ""{isCreating}"", ""key"": ""{amount}"", ""onClick"": ""{() => void startRecharge(amount)}"", ""type"": ""\""button\""""}"
client/src/WalletPanel.tsx,224,input,,"{""inputMode"": ""\""numeric\"""", ""min"": ""{wallet.min_recharge_fen / 100}"", ""step"": ""{wallet.recharge_step_fen / 100}"", ""type"": ""\""number\"""", ""value"": ""{customAmount}"", ""onChange"": ""{(event) => setCustomAmount(event.target.value)}""}"
client/src/WalletPanel.tsx,233,button,,"{""disabled"": ""{isCreating}"", ""type"": ""\""submit\""""}"
client/src/WorkspaceTabs.tsx,47,button,,"{""aria-controls"": ""{`workspace-tabpanel-${tab.key}`}"", ""aria-selected"": ""{isActive}"", ""className"": ""{\n                isActive\n                  ? \""workspace-tab workspace-tab--active\""\n                  : \""workspace-tab\""\n              }"", ""disabled"": ""{readOnly || busy}"", ""id"": ""{`workspace-tab-${tab.key}`}"", ""key"": ""{tab.key}"", ""onClick"": ""{() => onTabChange(tab.key)}"", ""role"": ""\""tab\"""", ""type"": ""\""button\""""}"
client/src/admin/AccountsPage.tsx,71,button,,"{""aria-pressed"": ""{autoRefresh}"", ""type"": ""\""button\"""", ""onClick"": ""{toggleAutoRefresh}""}"
client/src/admin/AccountsPage.tsx,91,input,,"{""aria-label"": ""\""流水账号\"""", ""value"": ""{username}"", ""onChange"": ""{(event) => setUsername(event.target.value)}""}"
client/src/admin/AccountsPage.tsx,99,select,,"{""aria-label"": ""\""流水类型\"""", ""value"": ""{typeFilter}"", ""onChange"": ""{(event) => setTypeFilter(event.target.value)}""}"
client/src/admin/AccountsPage.tsx,113,input,,"{""aria-label"": ""\""流水起始时间\"""", ""type"": ""\""date\"""", ""value"": ""{createdFrom}"", ""onChange"": ""{(event) => setCreatedFrom(event.target.value)}""}"
client/src/admin/AccountsPage.tsx,122,input,,"{""aria-label"": ""\""流水截止时间\"""", ""type"": ""\""date\"""", ""value"": ""{createdTo}"", ""onChange"": ""{(event) => setCreatedTo(event.target.value)}""}"
client/src/admin/AccountsPage.tsx,129,button,查询,"{""type"": ""\""submit\""""}"
client/src/admin/ActivationCodesPage.tsx,300,input,,"{""aria-label"": ""\""搜索\"""", ""placeholder"": ""\""请输入激活码或绑定账号\"""", ""value"": ""{searchDraft}"", ""onChange"": ""{(event) => setSearchDraft(event.target.value)}""}"
client/src/admin/ActivationCodesPage.tsx,309,select,,"{""aria-label"": ""\""状态\"""", ""value"": ""{filterStatus}"", ""onChange"": ""{(event) => {\n                  setOffset(0);\n                  setFilterStatus(event.target.value);\n                }}""}"
client/src/admin/ActivationCodesPage.tsx,327,input,,"{""checked"": ""{includeArchived}"", ""type"": ""\""checkbox\"""", ""onChange"": ""{(event) => {\n                  setOffset(0);\n                  setIncludeArchived(event.target.checked);\n                }}""}"
client/src/admin/ActivationCodesPage.tsx,337,button,搜索,"{""type"": ""\""submit\""""}"
client/src/admin/ActivationCodesPage.tsx,367,button,复制,"{""type"": ""\""button\"""", ""onClick"": ""{() =>\n                              openAction({ kind: \""copy\"", codeId: item.code_id })\n                            }""}"
client/src/admin/ActivationCodesPage.tsx,395,button,台设备,"{""className"": ""\""activation-device-toggle\"""", ""type"": ""\""button\"""", ""aria-expanded"": ""{expanded}"", ""onClick"": ""{() =>\n                            setExpandedCodeId(expanded ? null : item.code_id)\n                          }""}"
client/src/admin/ActivationCodesPage.tsx,411,button,暂停,"{""type"": ""\""button\"""", ""onClick"": ""{() =>\n                                  openAction({\n                                    kind: \""code\"",\n                                    action: \""suspend\"",\n                                    codeId: item.code_id,\n                                    status: item.status,\n                                  })\n                                }""}"
client/src/admin/ActivationCodesPage.tsx,426,button,恢复,"{""type"": ""\""button\"""", ""onClick"": ""{() =>\n                                  openAction({\n                                    kind: \""code\"",\n                                    action: \""resume\"",\n                                    codeId: item.code_id,\n                                    status: item.status,\n                                  })\n                                }""}"
client/src/admin/ActivationCodesPage.tsx,441,button,删除激活码,"{""className"": ""\""admin-action--danger\"""", ""type"": ""\""button\"""", ""onClick"": ""{() =>\n                                  openAction({\n                                    kind: \""code\"",\n                                    action: \""archive\"",\n                                    codeId: item.code_id,\n                                    status: item.status,\n                                  })\n                                }""}"
client/src/admin/ActivationCodesPage.tsx,458,button,撤销激活码,"{""className"": ""\""admin-action--danger\"""", ""type"": ""\""button\"""", ""onClick"": ""{() =>\n                                  openAction({\n                                    kind: \""code\"",\n                                    action: \""revoke\"",\n                                    codeId: item.code_id,\n                                    status: item.status,\n                                  })\n                                }""}"
client/src/admin/ActivationCodesPage.tsx,634,button,批准,"{""aria-label"": ""\""批准设备\"""", ""type"": ""\""button\"""", ""onClick"": ""{() =>\n                    onAction({\n                      kind: \""pairing\"",\n                      codeId,\n                      pairingId: pairing.pairing_request_id,\n                      candidateName: pairing.display_name,\n                    })\n                  }""}"
client/src/admin/ActivationCodesPage.tsx,650,button,替换,"{""aria-label"": ""{\n                    boundDevices.length === 1\n                      ? `替换为${pairing.display_name}`\n                      : `用${pairing.display_name}替换${device.display_name || `设备 #${device.slot_no}`}`\n                  }"", ""type"": ""\""button\"""", ""key"": ""{device.device_id}"", ""onClick"": ""{() =>\n                    onAction({\n                      kind: \""pairing\"",\n                      codeId,\n                      pairingId: pairing.pairing_request_id,\n                      candidateName: pairing.display_name,\n                      replaceDeviceId: device.device_id,\n                      replaceDeviceName:\n                        device.display_name || `设备 #${device.slot_no}`,\n                    })\n                  }""}"
client/src/admin/ActivationCodesPage.tsx,726,button,解绑设备,"{""type"": ""\""button\"""", ""onClick"": ""{() =>\n                          onAction({\n                            kind: \""device\"",\n                            action: \""unbind\"",\n                            codeId,\n                            deviceId: device.device_id,\n                            deviceName,\n                          })\n                        }""}"
client/src/admin/ActivationCodesPage.tsx,740,button,强制退出,"{""className"": ""\""admin-action--danger\"""", ""type"": ""\""button\"""", ""onClick"": ""{() =>\n                          onAction({\n                            kind: \""device\"",\n                            action: \""revoke\"",\n                            codeId,\n                            deviceId: device.device_id,\n                            deviceName,\n                          })\n                        }""}"
client/src/admin/AdjustmentsPage.tsx,87,input,,"{""aria-label"": ""\""调账操作人\"""", ""value"": ""{actorUsername}"", ""onChange"": ""{(event) => setActorUsername(event.target.value)}""}"
client/src/admin/AdjustmentsPage.tsx,95,input,,"{""aria-label"": ""\""调账目标客户\"""", ""value"": ""{targetUsername}"", ""onChange"": ""{(event) => setTargetUsername(event.target.value)}""}"
client/src/admin/AdjustmentsPage.tsx,103,select,,"{""aria-label"": ""\""调账来源类型\"""", ""value"": ""{sourceType}"", ""onChange"": ""{(event) => setSourceType(event.target.value)}""}"
client/src/admin/AdjustmentsPage.tsx,116,button,查询,"{""type"": ""\""submit\""""}"
client/src/admin/AdminActivationSection.tsx,256,input,,"{""autoComplete"": ""\""off\"""", ""disabled"": ""{locked}"", ""max"": ""{MAX_CODES_PER_REQUEST}"", ""min"": ""{1}"", ""type"": ""\""number\"""", ""value"": ""{quantity}"", ""onChange"": ""{(event) => setQuantity(event.target.value)}""}"
client/src/admin/AdminActivationSection.tsx,268,input,,"{""disabled"": ""{locked}"", ""type"": ""\""date\"""", ""value"": ""{expiresDate}"", ""onChange"": ""{(event) => setExpiresDate(event.target.value)}""}"
client/src/admin/AdminActivationSection.tsx,277,input,,"{""autoComplete"": ""\""off\"""", ""disabled"": ""{locked}"", ""min"": ""{0}"", ""type"": ""\""number\"""", ""value"": ""{credits}"", ""onChange"": ""{(event) => {\n                setCredits(event.target.value);\n                setConfirmGrant(false);\n              }}""}"
client/src/admin/AdminActivationSection.tsx,291,input,,"{""autoComplete"": ""\""off\"""", ""disabled"": ""{locked}"", ""type"": ""\""text\"""", ""value"": ""{reason}"", ""onChange"": ""{(event) => setReason(event.target.value)}""}"
client/src/admin/AdminActivationSection.tsx,301,input,,"{""type"": ""\""checkbox\"""", ""checked"": ""{confirmGrant}"", ""disabled"": ""{locked}"", ""onChange"": ""{(event) => setConfirmGrant(event.target.checked)}""}"
client/src/admin/AdminActivationSection.tsx,310,button,,"{""disabled"": ""{locked}"", ""type"": ""\""submit\""""}"
client/src/admin/AdminActivationSection.tsx,322,button,复制全部,"{""type"": ""\""button\"""", ""onClick"": ""{() => void copyAllCodes()}""}"
client/src/admin/AnalyticsPage.tsx,26,TabBar,,"{""active"": ""{tab}"", ""ariaLabel"": ""\""经营分析页签\"""", ""items"": ""{tabs}"", ""onChange"": ""{setTab}""}"
client/src/admin/AuditCenterPage.tsx,20,TabBar,,"{""active"": ""{tab}"", ""ariaLabel"": ""\""审计中心页签\"""", ""items"": ""{tabs}"", ""onChange"": ""{setTab}""}"
client/src/admin/AuditEventsPage.tsx,186,select,,"{""aria-label"": ""\""事件类型\"""", ""value"": ""{typeDraft}"", ""onChange"": ""{(event) => setTypeDraft(event.target.value)}""}"
client/src/admin/AuditEventsPage.tsx,200,input,,"{""aria-label"": ""\""操作人用户名\"""", ""placeholder"": ""\""例如：admin_u\"""", ""value"": ""{actorDraft}"", ""onChange"": ""{(event) => setActorDraft(event.target.value)}""}"
client/src/admin/AuditEventsPage.tsx,209,input,,"{""aria-label"": ""\""目标客户用户名\"""", ""placeholder"": ""\""例如：customer_u\"""", ""value"": ""{targetDraft}"", ""onChange"": ""{(event) => setTargetDraft(event.target.value)}""}"
client/src/admin/AuditEventsPage.tsx,218,input,,"{""type"": ""\""date\"""", ""value"": ""{fromDraft}"", ""onChange"": ""{(event) => setFromDraft(event.target.value)}""}"
client/src/admin/AuditEventsPage.tsx,226,input,,"{""type"": ""\""date\"""", ""value"": ""{toDraft}"", ""onChange"": ""{(event) => setToDraft(event.target.value)}""}"
client/src/admin/AuditEventsPage.tsx,233,button,,"{""disabled"": ""{loading}"", ""type"": ""\""submit\""""}"
client/src/admin/AuditEventsPage.tsx,236,button,重置,"{""className"": ""\""secondary-button\"""", ""disabled"": ""{loading}"", ""type"": ""\""button\"""", ""onClick"": ""{handleReset}""}"
client/src/admin/CostDetails.tsx,88,select,,"{""value"": ""{draft.lookbackDays}"", ""onChange"": ""{(event) =>\n              setDraft({ ...draft, lookbackDays: Number(event.target.value) })\n            }""}"
client/src/admin/CostDetails.tsx,101,select,,"{""value"": ""{draft.subject ?? \""\""}"", ""onChange"": ""{(event) =>\n              setDraft({ ...draft, subject: event.target.value || undefined })\n            }""}"
client/src/admin/CostDetails.tsx,116,select,,"{""value"": ""{draft.resolution ?? \""\""}"", ""onChange"": ""{(event) =>\n              setDraft({\n                ...draft,\n                resolution: event.target.value || undefined,\n              })\n            }""}"
client/src/admin/CostDetails.tsx,130,button,查询,"{""type"": ""\""button\"""", ""onClick"": ""{() => setFilters(draft)}""}"
client/src/admin/CostDetails.tsx,133,button,重置,"{""type"": ""\""button\"""", ""onClick"": ""{() => {\n            const reset = { lookbackDays: 30 };\n            setDraft(reset);\n            setFilters(reset);\n          }}""}"
client/src/admin/CostDetails.tsx,143,a,导出成本 CSV,"{""className"": ""\""admin-button-link\"""", ""href"": ""{operationCostsCsvUrl(filters)}"", ""download"": ""true""}"
client/src/admin/CustomersManagementPage.tsx,44,TabBar,,"{""active"": ""{tab}"", ""ariaLabel"": ""\""客户管理页签\"""", ""items"": ""{tabs}"", ""onChange"": ""{setTab}"", ""actions"": ""{\n          tab === \""codes\"" && !readOnly ? (\n            <button\n              type=\""button\""\n              onClick={() => setShowGenerator((open) => !open)}\n            >\n              {showGenerator ? \""收起生成表单\"" : \""生成激活码\""}\n            </button>\n          ) : undefined\n        }""}"
client/src/admin/CustomersManagementPage.tsx,51,button,,"{""type"": ""\""button\"""", ""onClick"": ""{() => setShowGenerator((open) => !open)}""}"
client/src/admin/CustomersPage.tsx,137,button,← 返回客户列表,"{""type"": ""\""button\"""", ""className"": ""\""btn-secondary\"""", ""onClick"": ""{() => setDetailUserId(null)}""}"
client/src/admin/CustomersPage.tsx,207,input,,"{""placeholder"": ""\""按用户名筛选\"""", ""type"": ""\""text\"""", ""value"": ""{usernameDraft}"", ""onChange"": ""{(e) => setUsernameDraft(e.target.value)}""}"
client/src/admin/CustomersPage.tsx,216,input,,"{""aria-label"": ""\""注册起始\"""", ""type"": ""\""date\"""", ""value"": ""{createdFrom}"", ""onChange"": ""{(event) => setCreatedFrom(event.target.value)}""}"
client/src/admin/CustomersPage.tsx,225,input,,"{""aria-label"": ""\""注册截止\"""", ""type"": ""\""date\"""", ""value"": ""{createdTo}"", ""onChange"": ""{(event) => setCreatedTo(event.target.value)}""}"
client/src/admin/CustomersPage.tsx,234,input,,"{""aria-label"": ""\""最低余额\"""", ""min"": ""\""0\"""", ""type"": ""\""number\"""", ""value"": ""{balanceMin}"", ""onChange"": ""{(event) => setBalanceMin(event.target.value)}""}"
client/src/admin/CustomersPage.tsx,244,input,,"{""aria-label"": ""\""最高余额\"""", ""min"": ""\""0\"""", ""type"": ""\""number\"""", ""value"": ""{balanceMax}"", ""onChange"": ""{(event) => setBalanceMax(event.target.value)}""}"
client/src/admin/CustomersPage.tsx,254,select,,"{""aria-label"": ""\""客户状态\"""", ""value"": ""{statusFilter}"", ""onChange"": ""{(event) => setStatusFilter(event.target.value)}""}"
client/src/admin/CustomersPage.tsx,265,button,筛选,"{""className"": ""\""admin-toolbar__secondary\"""", ""type"": ""\""submit\""""}"
client/src/admin/CustomersPage.tsx,268,button,导出列表 CSV,"{""type"": ""\""button\"""", ""onClick"": ""{exportList}""}"
client/src/admin/CustomersPage.tsx,372,button,展开详情,"{""aria-controls"": ""{`customer-detail-${customer.user_id}`}"", ""aria-expanded"": ""\""false\"""", ""type"": ""\""button\"""", ""onClick"": ""{() => setExpandedUserId(customer.user_id)}""}"
client/src/admin/CustomersPage.tsx,592,button,← 返回客户列表,"{""className"": ""\""customer-detail-back btn-secondary\"""", ""type"": ""\""button\"""", ""onClick"": ""{onBack}""}"
client/src/admin/CustomersPage.tsx,619,button,后台加款,"{""type"": ""\""button\"""", ""onClick"": ""{() =>\n                document\n                  .getElementById(\""customer-free-grant\"")\n                  ?.scrollIntoView({ behavior: \""smooth\"", block: \""start\"" })\n              }""}"
client/src/admin/CustomersPage.tsx,630,button,调账历史,"{""className"": ""\""btn-secondary\"""", ""type"": ""\""button\"""", ""onClick"": ""{onOpenAdjustments}""}"
client/src/admin/CustomersPage.tsx,638,button,查看设备,"{""className"": ""\""btn-secondary\"""", ""type"": ""\""button\"""", ""onClick"": ""{() => onOpenDevices(customer.user_id)}""}"
client/src/admin/CustomersPage.tsx,647,button,查看会话,"{""className"": ""\""btn-secondary\"""", ""type"": ""\""button\"""", ""onClick"": ""{() => onOpenSessions(customer.user_id)}""}"
client/src/admin/CustomersPage.tsx,838,input,,"{""inputMode"": ""\""decimal\"""", ""min"": ""\""0.01\"""", ""step"": ""\""0.01\"""", ""type"": ""\""number\"""", ""value"": ""{priceYuan}"", ""onChange"": ""{(event) => setPriceYuan(event.target.value)}""}"
client/src/admin/CustomersPage.tsx,848,button,,"{""disabled"": ""{saving}"", ""type"": ""\""submit\""""}"
client/src/admin/CustomersPage.tsx,851,button,恢复全局默认,"{""className"": ""\""btn-secondary\"""", ""disabled"": ""{saving || pricing.custom_unit_price_fen === null}"", ""type"": ""\""button\"""", ""onClick"": ""{requestReset}""}"
client/src/admin/CustomersPage.tsx,994,input,,"{""min"": ""{1}"", ""placeholder"": ""\""例如：10\"""", ""step"": ""{1}"", ""type"": ""\""number\"""", ""value"": ""{credits}"", ""onChange"": ""{(event) => setCredits(event.target.value)}""}"
client/src/admin/CustomersPage.tsx,1005,input,,"{""placeholder"": ""\""必填，例如：PROMO-2026-09-001\"""", ""value"": ""{sourceRef}"", ""onChange"": ""{(event) => setSourceRef(event.target.value)}""}"
client/src/admin/CustomersPage.tsx,1011,button,发放免费秒数,"{""type"": ""\""submit\""""}"
client/src/admin/DevicesPage.tsx,173,select,,"{""aria-label"": ""\""设备状态\"""", ""value"": ""{statusFilter}"", ""onChange"": ""{(event) => setStatusFilter(event.target.value)}""}"
client/src/admin/DevicesPage.tsx,186,select,,"{""aria-label"": ""\""设备平台\"""", ""value"": ""{platformFilter}"", ""onChange"": ""{(event) => setPlatformFilter(event.target.value)}""}"
client/src/admin/DevicesPage.tsx,197,button,查询,"{""type"": ""\""submit\""""}"
client/src/admin/DevicesPage.tsx,267,button,下线设备,"{""aria-label"": ""{`下线设备：${device.display_name || device.device_id}`}"", ""type"": ""\""button\"""", ""onClick"": ""{() => beginAction(device, \""unbind\"")}""}"
client/src/admin/DevicesPage.tsx,274,button,强制退出,"{""aria-label"": ""{`强制退出：${device.display_name || device.device_id}`}"", ""className"": ""\""admin-action--danger\"""", ""type"": ""\""button\"""", ""onClick"": ""{() => beginAction(device, \""revoke\"")}""}"
client/src/admin/FundsPage.tsx,20,TabBar,,"{""active"": ""{tab}"", ""ariaLabel"": ""\""资金流水页签\"""", ""items"": ""{tabs}"", ""onChange"": ""{setTab}""}"
client/src/admin/GenerationRecordsPage.tsx,87,TabBar,,"{""active"": ""\""records\"""", ""ariaLabel"": ""\""生成记录页签\"""", ""items"": ""{[{ id: \""records\"", label: \""生成记录\"" }]}"", ""onChange"": ""{() => {}}""}"
client/src/admin/GenerationRecordsPage.tsx,94,button,,"{""type"": ""\""button\"""", ""onClick"": ""{() => void loadRecords()}""}"
client/src/admin/GenerationRecordsPage.tsx,114,input,,"{""aria-label"": ""\""生成账号\"""", ""value"": ""{username}"", ""onChange"": ""{(event) => setUsername(event.target.value)}""}"
client/src/admin/GenerationRecordsPage.tsx,122,select,,"{""aria-label"": ""\""生成类型\"""", ""value"": ""{recordType}"", ""onChange"": ""{(event) => setRecordType(event.target.value)}""}"
client/src/admin/GenerationRecordsPage.tsx,138,select,,"{""aria-label"": ""\""生成状态\"""", ""value"": ""{status}"", ""onChange"": ""{(event) => setStatus(event.target.value)}""}"
client/src/admin/GenerationRecordsPage.tsx,153,input,,"{""aria-label"": ""\""生成起始时间\"""", ""type"": ""\""date\"""", ""value"": ""{createdFrom}"", ""onChange"": ""{(event) => setCreatedFrom(event.target.value)}""}"
client/src/admin/GenerationRecordsPage.tsx,162,input,,"{""aria-label"": ""\""生成截止时间\"""", ""type"": ""\""date\"""", ""value"": ""{createdTo}"", ""onChange"": ""{(event) => setCreatedTo(event.target.value)}""}"
client/src/admin/GenerationRecordsPage.tsx,169,button,查询,"{""type"": ""\""submit\""""}"
client/src/admin/OrdersPage.tsx,167,button,,"{""aria-pressed"": ""{autoRefresh}"", ""type"": ""\""button\"""", ""onClick"": ""{toggleAutoRefresh}""}"
client/src/admin/OrdersPage.tsx,174,button,导出充值订单 CSV,"{""type"": ""\""button\"""", ""onClick"": ""{() => void exportRechargeOrders()}""}"
client/src/admin/OrdersPage.tsx,177,button,导出账务流水 CSV,"{""type"": ""\""button\"""", ""onClick"": ""{() => void exportWalletTransactions()}""}"
client/src/admin/OrdersPage.tsx,211,select,,"{""value"": ""{statusDraft}"", ""onChange"": ""{(event) => setStatusDraft(event.target.value)}""}"
client/src/admin/OrdersPage.tsx,224,input,,"{""aria-label"": ""\""订单账号\"""", ""value"": ""{usernameFilter}"", ""onChange"": ""{(event) => setUsernameFilter(event.target.value)}""}"
client/src/admin/OrdersPage.tsx,232,select,,"{""aria-label"": ""\""支付渠道\"""", ""value"": ""{channelFilter}"", ""onChange"": ""{(event) => setChannelFilter(event.target.value)}""}"
client/src/admin/OrdersPage.tsx,244,input,,"{""aria-label"": ""\""订单起始时间\"""", ""type"": ""\""date\"""", ""value"": ""{createdFrom}"", ""onChange"": ""{(event) => setCreatedFrom(event.target.value)}""}"
client/src/admin/OrdersPage.tsx,253,input,,"{""aria-label"": ""\""订单截止时间\"""", ""type"": ""\""date\"""", ""value"": ""{createdTo}"", ""onChange"": ""{(event) => setCreatedTo(event.target.value)}""}"
client/src/admin/OrdersPage.tsx,260,button,筛选,"{""disabled"": ""{loading}"", ""type"": ""\""submit\""""}"
client/src/admin/OrdersPage.tsx,304,button,查单同步,"{""type"": ""\""button\"""", ""onClick"": ""{() => setPendingSyncOrderNo(order.order_no)}""}"
client/src/admin/OverviewPage.tsx,60,button,去处理,"{""type"": ""\""button\"""", ""onClick"": ""{onOpen}""}"
client/src/admin/OverviewPage.tsx,344,button,快速发码,"{""type"": ""\""button\"""", ""onClick"": ""{() => onNavigate?.(\""issueCodes\"")}""}"
client/src/admin/OverviewPage.tsx,347,button,后台加款,"{""type"": ""\""button\"""", ""onClick"": ""{() => onNavigate?.(\""customerAdjustments\"")}""}"
client/src/admin/OverviewPage.tsx,353,button,发放免费秒数,"{""type"": ""\""button\"""", ""onClick"": ""{() => onNavigate?.(\""customerAdjustments\"")}""}"
client/src/admin/OverviewPage.tsx,359,button,成本核对,"{""type"": ""\""button\"""", ""onClick"": ""{() => onNavigate?.(\""costDetails\"")}""}"
client/src/admin/PaymentSettingsSection.tsx,125,input,,"{""disabled"": ""{readOnly}"", ""value"": ""{zpayPid}"", ""onChange"": ""{(event) => setZpayPid(event.target.value)}""}"
client/src/admin/PaymentSettingsSection.tsx,139,input,,"{""autoComplete"": ""\""new-password\"""", ""disabled"": ""{readOnly}"", ""placeholder"": ""\""留空则保留当前密钥\"""", ""type"": ""\""password\"""", ""value"": ""{zpayKey}"", ""onChange"": ""{(event) => setZpayKey(event.target.value)}""}"
client/src/admin/PaymentSettingsSection.tsx,151,input,,"{""checked"": ""{channels.includes(\""alipay\"")}"", ""disabled"": ""{readOnly}"", ""type"": ""\""checkbox\"""", ""onChange"": ""{() => toggleChannel(\""alipay\"")}""}"
client/src/admin/PaymentSettingsSection.tsx,160,input,,"{""checked"": ""{channels.includes(\""wxpay\"")}"", ""disabled"": ""{readOnly}"", ""type"": ""\""checkbox\"""", ""onChange"": ""{() => toggleChannel(\""wxpay\"")}""}"
client/src/admin/PaymentSettingsSection.tsx,170,button,保存 ZPay 设置,"{""disabled"": ""{readOnly || saving}"", ""type"": ""\""submit\""""}"
client/src/admin/PaymentSettingsSection.tsx,184,input,,"{""disabled"": ""{readOnly}"", ""inputMode"": ""\""numeric\"""", ""type"": ""\""number\"""", ""value"": ""{billing?.internal_base_unit_price_fen ?? 0}"", ""onChange"": ""{(event) =>\n              updateBilling(\""internal_base_unit_price_fen\"", event.target.value)\n            }""}"
client/src/admin/PaymentSettingsSection.tsx,196,input,,"{""disabled"": ""{readOnly}"", ""inputMode"": ""\""numeric\"""", ""type"": ""\""number\"""", ""value"": ""{billing?.min_recharge_fen ?? 0}"", ""onChange"": ""{(event) =>\n              updateBilling(\""min_recharge_fen\"", event.target.value)\n            }""}"
client/src/admin/PaymentSettingsSection.tsx,208,input,,"{""disabled"": ""{readOnly}"", ""inputMode"": ""\""numeric\"""", ""type"": ""\""number\"""", ""value"": ""{billing?.recharge_step_fen ?? 0}"", ""onChange"": ""{(event) =>\n              updateBilling(\""recharge_step_fen\"", event.target.value)\n            }""}"
client/src/admin/PaymentSettingsSection.tsx,218,button,保存内部价格,"{""disabled"": ""{readOnly || saving}"", ""type"": ""\""submit\""""}"
client/src/admin/ProfitOverview.tsx,222,input,,"{""disabled"": ""{readOnly}"", ""type"": ""\""date\"""", ""value"": ""{form.priceDate}"", ""onChange"": ""{(event) =>\n                setForm({ ...form, priceDate: event.target.value })\n              }""}"
client/src/admin/ProfitOverview.tsx,233,input,,"{""disabled"": ""{readOnly}"", ""autoComplete"": ""\""off\"""", ""min"": ""{0}"", ""step"": ""\""0.01\"""", ""type"": ""\""number\"""", ""value"": ""{form.price768pYuan}"", ""onChange"": ""{(event) =>\n                setForm({ ...form, price768pYuan: event.target.value })\n              }""}"
client/src/admin/ProfitOverview.tsx,247,input,,"{""disabled"": ""{readOnly}"", ""autoComplete"": ""\""off\"""", ""min"": ""{0}"", ""step"": ""\""0.01\"""", ""type"": ""\""number\"""", ""value"": ""{form.price2kYuan}"", ""onChange"": ""{(event) =>\n                setForm({ ...form, price2kYuan: event.target.value })\n              }""}"
client/src/admin/ProfitOverview.tsx,261,input,,"{""disabled"": ""{readOnly}"", ""autoComplete"": ""\""off\"""", ""type"": ""\""text\"""", ""value"": ""{form.note}"", ""onChange"": ""{(event) =>\n                setForm({ ...form, note: event.target.value })\n              }""}"
client/src/admin/ProfitOverview.tsx,273,input,,"{""disabled"": ""{readOnly}"", ""autoComplete"": ""\""off\"""", ""type"": ""\""text\"""", ""value"": ""{form.reason}"", ""onChange"": ""{(event) =>\n                setForm({ ...form, reason: event.target.value })\n              }""}"
client/src/admin/ProfitOverview.tsx,284,button,保存售价,"{""disabled"": ""{saving}"", ""type"": ""\""button\"""", ""onClick"": ""{requestPriceSave}""}"
client/src/admin/ProfitOverview.tsx,305,a,导出 CSV,"{""className"": ""\""admin-button-link\"""", ""href"": ""\""/api/control/profit/overview.csv?lookback_days=30\"""", ""download"": ""true""}"
client/src/admin/ProfitOverview.tsx,374,button,查看明细,"{""type"": ""\""button\"""", ""className"": ""\""table-link-button\"""", ""onClick"": ""{() => setSelectedDay(row)}""}"
client/src/admin/ProfitOverview.tsx,396,input,,"{""type"": ""\""radio\"""", ""checked"": ""true"", ""readOnly"": ""true""}"
client/src/admin/ProfitOverview.tsx,401,input,,"{""type"": ""\""radio\"""", ""disabled"": ""true""}"
client/src/admin/ProfitOverview.tsx,478,button,关闭,"{""type"": ""\""button\"""", ""onClick"": ""{() => setSelectedDay(null)}""}"
client/src/admin/QueueModeSection.tsx,89,button,,"{""disabled"": ""{loading || enabled === null || saving}"", ""type"": ""\""button\"""", ""onClick"": ""{() => setConfirmOpen(true)}""}"
client/src/admin/RatesManager.tsx,184,input,,"{""aria-label"": ""{`新单价（元）：${rateLabel(rate.subject)}`}"", ""type"": ""\""number\"""", ""min"": ""{0}"", ""step"": ""\""0.01\"""", ""value"": ""{editing.valueYuan}"", ""onChange"": ""{(event) =>\n                          setEditing({\n                            ...editing,\n                            valueYuan: event.target.value,\n                          })\n                        }""}"
client/src/admin/RatesManager.tsx,200,input,,"{""aria-label"": ""{`操作原因：${rateLabel(rate.subject)}`}"", ""type"": ""\""text\"""", ""value"": ""{editing.reason}"", ""onChange"": ""{(event) =>\n                          setEditing({ ...editing, reason: event.target.value })\n                        }""}"
client/src/admin/RatesManager.tsx,214,input,,"{""aria-label"": ""{`确认知晓大幅调价：${rateLabel(rate.subject)}`}"", ""checked"": ""{editing.ack}"", ""type"": ""\""checkbox\"""", ""onChange"": ""{(event) =>\n                            setEditing({\n                              ...editing,\n                              ack: event.target.checked,\n                            })\n                          }""}"
client/src/admin/RatesManager.tsx,230,button,保存,"{""disabled"": ""{saving}"", ""type"": ""\""button\"""", ""onClick"": ""{() => void save()}""}"
client/src/admin/RatesManager.tsx,237,button,取消,"{""disabled"": ""{saving}"", ""type"": ""\""button\"""", ""onClick"": ""{cancelEdit}""}"
client/src/admin/RatesManager.tsx,259,button,调整,"{""type"": ""\""button\"""", ""onClick"": ""{() => startEdit(rate)}""}"
client/src/admin/SessionsPage.tsx,252,input,,"{""placeholder"": ""\""输入客户 ID\"""", ""value"": ""{queryUserId}"", ""onChange"": ""{(event) => setQueryUserId(event.target.value)}""}"
client/src/admin/SessionsPage.tsx,258,button,查看客户,"{""disabled"": ""{loading}"", ""type"": ""\""submit\""""}"
client/src/admin/SessionsPage.tsx,261,button,全部在线,"{""disabled"": ""{loading}"", ""type"": ""\""button\"""", ""onClick"": ""{showAllLive}""}"
client/src/admin/SessionsPage.tsx,309,button,选择客户,"{""type"": ""\""button\"""", ""onClick"": ""{() => selectCustomer(item)}""}"
client/src/admin/SessionsPage.tsx,314,button,强制下线,"{""aria-label"": ""{`强制下线 ${item.username}`}"", ""className"": ""\""admin-sessions__revoke\"""", ""type"": ""\""button\"""", ""onClick"": ""{() => beginRevoke(item)}""}"
client/src/admin/SessionsPage.tsx,342,button,,"{""aria-expanded"": ""{adjustOpen}"", ""className"": ""\""admin-sessions__adjust-toggle\"""", ""type"": ""\""button\"""", ""onClick"": ""{() => setAdjustOpen((open) => !open)}""}"
client/src/admin/SessionsPage.tsx,355,input,,"{""min"": ""{1}"", ""step"": ""{1}"", ""type"": ""\""number\"""", ""value"": ""{credits}"", ""onChange"": ""{(event) => setCredits(event.target.value)}""}"
client/src/admin/SessionsPage.tsx,365,select,,"{""value"": ""{sourceType}"", ""onChange"": ""{(event) => setSourceType(event.target.value)}""}"
client/src/admin/SessionsPage.tsx,378,input,,"{""value"": ""{sourceRef}"", ""onChange"": ""{(event) => setSourceRef(event.target.value)}""}"
client/src/admin/SessionsPage.tsx,383,button,执行后台加秒,"{""type"": ""\""submit\""""}"
client/src/admin/SystemSettingsPage.tsx,28,TabBar,,"{""active"": ""{tab}"", ""ariaLabel"": ""\""系统设置页签\"""", ""items"": ""{tabs}"", ""onChange"": ""{setTab}""}"
client/src/admin/ui/ConfirmDialog.tsx,123,input,,"{""placeholder"": ""\""请填写可审计的操作原因\"""", ""ref"": ""{reasonInputRef}"", ""value"": ""{reason}"", ""onChange"": ""{(event) => setReason(event.target.value)}""}"
client/src/admin/ui/ConfirmDialog.tsx,133,input,,"{""checked"": ""{acknowledged}"", ""type"": ""\""checkbox\"""", ""onChange"": ""{(event) => setAcknowledged(event.target.checked)}""}"
client/src/admin/ui/ConfirmDialog.tsx,147,button,,"{""disabled"": ""{busy}"", ""ref"": ""{confirmButtonRef}"", ""type"": ""\""submit\""""}"
client/src/admin/ui/ConfirmDialog.tsx,150,button,取消,"{""disabled"": ""{busy}"", ""type"": ""\""button\"""", ""onClick"": ""{onClose}""}"
client/src/admin/ui/Pagination.tsx,33,button,上一页,"{""disabled"": ""{disabled || offset <= 0}"", ""type"": ""\""button\"""", ""onClick"": ""{() => onPageChange(Math.max(0, offset - limit))}""}"
client/src/admin/ui/Pagination.tsx,45,button,下一页,"{""disabled"": ""{disabled || !hasNext}"", ""type"": ""\""button\"""", ""onClick"": ""{() => onPageChange(offset + limit)}""}"
client/src/admin/ui/TabBar.tsx,31,button,,"{""aria-selected"": ""{active === item.id}"", ""className"": ""{\n              active === item.id ? \""admin-page-tab is-active\"" : \""admin-page-tab\""\n            }"", ""key"": ""{item.id}"", ""role"": ""\""tab\"""", ""type"": ""\""button\"""", ""onClick"": ""{() => onChange(item.id)}""}"
client/src/customer/ActivationPage.tsx,68,input,,"{""value"": ""{activationCode}"", ""onChange"": ""{(event) => setActivationCode(event.target.value)}"", ""autoComplete"": ""\""off\"""", ""placeholder"": ""\""XS04-XXXXXXX-XXXXXXX-XXXXXXX-XXXXXXX\"""", ""disabled"": ""{isBusy}""}"
client/src/customer/ActivationPage.tsx,82,input,,"{""value"": ""{deviceName}"", ""onChange"": ""{(event) => setDeviceName(event.target.value)}"", ""autoComplete"": ""\""off\"""", ""placeholder"": ""\""例如：工作电脑\"""", ""disabled"": ""{isBusy}""}"
client/src/customer/ActivationPage.tsx,94,button,,"{""type"": ""\""submit\"""", ""disabled"": ""{isBusy}""}"
client/src/customer/ActivationPage.tsx,98,button,已有账号，添加或更换设备,"{""type"": ""\""button\"""", ""disabled"": ""{isBusy}"", ""onClick"": ""{onPairDevice}""}"
client/src/customer/CustomerPairingFlow.tsx,211,button,返回修改,"{""type"": ""\""button\"""", ""className"": ""\""btn-secondary\"""", ""onClick"": ""{() => {\n                // A re-submitted form starts a fresh pairing attempt with a\n                // fresh waiting-stage key.\n                setPollKey(\""\"");\n                setStage(\""form\"");\n              }}""}"
client/src/customer/CustomerPairingFlow.tsx,240,button,进入客户工作区,"{""type"": ""\""button\"""", ""className"": ""\""btn-primary\"""", ""onClick"": ""{onPaired}""}"
client/src/customer/CustomerProfilePanel.tsx,141,button,充值秒数,"{""onClick"": ""{() => onRecharge()}"", ""type"": ""\""button\""""}"
client/src/customer/CustomerProfilePanel.tsx,154,button,,"{""aria-current"": ""{tab === value ? \""page\"" : undefined}"", ""className"": ""{tab === value ? \""is-active\"" : \""\""}"", ""key"": ""{value}"", ""onClick"": ""{() => {\n              setTab(value);\n              if (value === \""devices\"") {\n                void onRefreshDevices();\n              }\n            }}"", ""type"": ""\""button\""""}"
client/src/customer/CustomerProfilePanel.tsx,190,input,,"{""maxLength"": ""{50}"", ""onChange"": ""{(event) => setDisplayName(event.target.value)}"", ""value"": ""{displayName}""}"
client/src/customer/CustomerProfilePanel.tsx,196,button,,"{""disabled"": ""{isSavingProfile}"", ""type"": ""\""submit\""""}"
client/src/customer/CustomerProfilePanel.tsx,247,button,复制授权编号,"{""className"": ""\""secondary-button\"""", ""disabled"": ""{!profile?.activation_code_masked}"", ""onClick"": ""{() =>\n                  void copyText(\n                    profile?.activation_code_masked ?? \""\"",\n                    \""授权编号已复制。\"",\n                  )\n                }"", ""type"": ""\""button\""""}"
client/src/customer/CustomerProfilePanel.tsx,260,button,,"{""className"": ""\""secondary-button\"""", ""disabled"": ""{\n                  isResettingCode || profile?.activation_status !== \""ACTIVE\""\n                }"", ""onClick"": ""{() => void resetActivationCode()}"", ""type"": ""\""button\""""}"
client/src/customer/CustomerProfilePanel.tsx,270,button,管理关联设备,"{""onClick"": ""{() => {\n                  setTab(\""devices\"");\n                  void onRefreshDevices();\n                }}"", ""type"": ""\""button\""""}"
client/src/customer/CustomerProfilePanel.tsx,289,button,复制新激活码,"{""onClick"": ""{() =>\n                  void copyText(replacementCode, \""新激活码已复制。\"")\n                }"", ""type"": ""\""button\""""}"
client/src/customer/CustomerRechargeDialog.tsx,239,button,关闭,"{""aria-label"": ""\""关闭充值窗口\"""", ""className"": ""\""secondary-button\"""", ""onClick"": ""{onClose}"", ""type"": ""\""button\""""}"
client/src/customer/CustomerRechargeDialog.tsx,253,button,完成,"{""onClick"": ""{onClose}"", ""type"": ""\""button\""""}"
client/src/customer/CustomerRechargeDialog.tsx,278,button,无法扫码？打开支付页面,"{""className"": ""\""secondary-button\"""", ""onClick"": ""{() =>\n                  window.open(\n                    paymentCode.payment_url,\n                    \""_blank\"",\n                    \""noopener,noreferrer\"",\n                  )\n                }"", ""type"": ""\""button\""""}"
client/src/customer/CustomerRechargeDialog.tsx,302,button,,"{""disabled"": ""{!wallet || paymentState === \""creating\""}"", ""key"": ""{amount}"", ""onClick"": ""{() => void createPayment(amount)}"", ""type"": ""\""button\""""}"
client/src/customer/CustomerRechargeDialog.tsx,320,input,,"{""inputMode"": ""\""numeric\"""", ""onChange"": ""{(event) => setAmountYuan(event.target.value)}"", ""type"": ""\""number\"""", ""value"": ""{amountYuan}""}"
client/src/customer/CustomerRechargeDialog.tsx,327,button,,"{""disabled"": ""{!wallet || paymentState === \""creating\""}"", ""type"": ""\""submit\""""}"
client/src/customer/CustomerRechargeDialog.tsx,337,button,重新获取上一订单二维码,"{""className"": ""\""secondary-button\"""", ""onClick"": ""{() => void retryPaymentCode()}"", ""type"": ""\""button\""""}"
client/src/customer/CustomerWalletPanel.tsx,337,button,,"{""aria-label"": ""{`充值${amount}元`}"", ""disabled"": ""{isCreating}"", ""key"": ""{amount}"", ""onClick"": ""{() => void startRecharge(amount)}"", ""type"": ""\""button\""""}"
client/src/customer/CustomerWalletPanel.tsx,359,input,,"{""inputMode"": ""\""numeric\"""", ""min"": ""{wallet.min_recharge_fen / 100}"", ""step"": ""{wallet.recharge_step_fen / 100}"", ""type"": ""\""number\"""", ""value"": ""{customAmount}"", ""onChange"": ""{(event) => setCustomAmount(event.target.value)}""}"
client/src/customer/CustomerWalletPanel.tsx,368,button,,"{""disabled"": ""{isCreating}"", ""type"": ""\""submit\""""}"
client/src/customer/CustomerWalletPanel.tsx,407,button,,"{""className"": ""\""table-action-button table-action-button--danger\"""", ""disabled"": ""{closingOrderNo === order.order_no}"", ""onClick"": ""{() => void closePendingOrder(order.order_no)}"", ""type"": ""\""button\""""}"
client/src/customer/DeviceManagementPage.tsx,77,button,,"{""className"": ""\""secondary-button\"""", ""disabled"": ""{!isOnline}"", ""onClick"": ""{() => onUnbind(device.id)}"", ""type"": ""\""button\""""}"
client/src/customer/DeviceManagementPage.tsx,89,a,绑定第二台设备,"{""href"": ""\""/customer/pairing\""""}"
client/src/customer/DeviceManagementPage.tsx,101,button,充值秒数,"{""onClick"": ""{onRecharge}"", ""type"": ""\""button\""""}"
client/src/customer/DevicePairingPage.tsx,87,input,,"{""type"": ""\""text\"""", ""id"": ""\""activation-code\"""", ""value"": ""{activationCode}"", ""onChange"": ""{(e) => setActivationCode(e.target.value)}"", ""placeholder"": ""\""XS04-XXXXXXX-XXXXXXX-XXXXXXX-XXXXXXX\"""", ""autoComplete"": ""\""off\"""", ""required"": ""true"", ""aria-required"": ""\""true\""""}"
client/src/customer/DevicePairingPage.tsx,103,input,,"{""type"": ""\""text\"""", ""id"": ""\""device-name\"""", ""value"": ""{deviceName}"", ""onChange"": ""{(e) => setDeviceName(e.target.value)}"", ""placeholder"": ""\""例如：家庭电脑\"""", ""required"": ""true"", ""aria-required"": ""\""true\""""}"
client/src/customer/DevicePairingPage.tsx,114,button,返回首次激活,"{""type"": ""\""button\"""", ""className"": ""\""btn-secondary\"""", ""onClick"": ""{onCancel}"", ""disabled"": ""{isBusy}""}"
client/src/customer/DevicePairingPage.tsx,123,button,,"{""type"": ""\""submit\"""", ""className"": ""\""btn-primary\"""", ""disabled"": ""{\n                  isBusy ||\n                  !activationCode.trim() ||\n                  !deviceName.trim() ||\n                  !deviceFingerprint\n                }""}"
client/src/customer/HeartbeatStatus.tsx,51,button,立即续约,"{""type"": ""\""button\"""", ""className"": ""\""btn-refresh\"""", ""onClick"": ""{onRefresh}"", ""disabled"": ""{isExpired}"", ""aria-label"": ""\""立即发送心跳\""""}"
client/src/customer/LeaseCountdown.tsx,52,button,立即续约,"{""type"": ""\""button\"""", ""className"": ""\""btn-renew\"""", ""onClick"": ""{onRefresh}"", ""disabled"": ""{status === \""expired\""}"", ""aria-label"": ""\""续约会话\""""}"
client/src/customer/LoginPage.tsx,50,button,,"{""type"": ""\""button\"""", ""onClick"": ""{onRetryLogin}"", ""disabled"": ""{isBusy}""}"
client/src/customer/PairingApprovalCard.tsx,28,button,删除无效请求,"{""className"": ""\""danger-button\"""", ""onClick"": ""{() => onDelete(pairing.id)}"", ""type"": ""\""button\""""}"
client/src/customer/PairingApprovalCard.tsx,35,button,暂不处理,"{""className"": ""\""secondary-button\"""", ""onClick"": ""{onReject}"", ""type"": ""\""button\""""}"
client/src/customer/PairingApprovalCard.tsx,38,button,确认绑定,"{""onClick"": ""{() => onApprove(pairing.id)}"", ""type"": ""\""button\""""}"
client/src/customer/SessionConflictDialog.tsx,103,button,取消,"{""type"": ""\""button\"""", ""className"": ""\""btn-secondary\"""", ""ref"": ""{cancelRef}"", ""onClick"": ""{onCancel}"", ""disabled"": ""{isProcessing}""}"
client/src/customer/SessionConflictDialog.tsx,113,button,,"{""type"": ""\""button\"""", ""className"": ""\""btn-primary\"""", ""onClick"": ""{handleSwitch}"", ""disabled"": ""{isProcessing}""}"
client/src/customer/SessionDisplacedNotice.tsx,33,button,View My Session,"{""type"": ""\""button\"""", ""className"": ""\""btn-primary\"""", ""onClick"": ""{onRestart}"", ""aria-label"": ""\""View My Session\""""}"
client/src/studio/AnalyticsPage.tsx,212,select,,"{""aria-label"": ""\""时间筛选\"""", ""value"": ""{range}"", ""onChange"": ""{(event) => setRange(event.target.value as Range)}""}"
client/src/studio/AnalyticsPage.tsx,353,Button,查看视频,"{""variant"": ""\""outline\"""", ""onClick"": ""{() => viewWork(work)}""}"
client/src/studio/ContentPages.tsx,285,button,,"{""type"": ""\""button\"""", ""className"": ""\""viral-card-cover-trigger\"""", ""onClick"": ""{error ? onRetry : onPlay}"", ""aria-label"": ""{`${error ? \""重试播放\"" : \""播放\""} ${video.title}`}"", ""disabled"": ""{loading}""}"
client/src/studio/ContentPages.tsx,404,Button,查看详情,"{""variant"": ""\""quiet\"""", ""onClick"": ""{openDetail}""}"
client/src/studio/ContentPages.tsx,407,Button,,"{""variant"": ""\""outline\"""", ""aria-label"": ""{`收藏 ${video.title}`}"", ""onClick"": ""{toggleFavorite}""}"
client/src/studio/ContentPages.tsx,414,Button,复刻,"{""variant"": ""\""outline\"""", ""aria-label"": ""{`复刻 ${video.title}`}"", ""onClick"": ""{() => {\n              patchDraft({ sourceId: video.id });\n              navigate(\""replica\"", {\n                selectedVideoId: video.id,\n                returnTo: \""viral\"",\n              });\n            }}""}"
client/src/studio/ContentPages.tsx,537,input,,"{""aria-label"": ""\""搜索视频标题\"""", ""value"": ""{query}"", ""onChange"": ""{(event) => {\n              setQuery(event.target.value);\n            }}"", ""placeholder"": ""\""在已加载的爆款中搜索\""""}"
client/src/studio/ContentPages.tsx,554,button,,"{""aria-selected"": ""{item.id === platform}"", ""className"": ""{item.id === platform ? \""is-active\"" : \""\""}"", ""key"": ""{item.id}"", ""onClick"": ""{() => setPlatform(item.id)}"", ""role"": ""\""tab\"""", ""type"": ""\""button\""""}"
client/src/studio/ContentPages.tsx,568,select,,"{""aria-label"": ""\""排序方式\"""", ""value"": ""{sort}"", ""onChange"": ""{(event) =>\n              setSort(event.target.value as \""热门优先\"" | \""最新\"")\n            }""}"
client/src/studio/ContentPages.tsx,582,Button,,"{""key"": ""{item}"", ""variant"": ""{item === category ? \""primary\"" : \""outline\""}"", ""onClick"": ""{() => setCategory(item)}""}"
client/src/studio/ContentPages.tsx,680,Button,返回爆款视频,"{""variant"": ""\""primary\"""", ""onClick"": ""{() => navigate(\""viral\"")}""}"
client/src/studio/ContentPages.tsx,717,Button,‹ 返回列表,"{""variant"": ""\""quiet\"""", ""onClick"": ""{() => navigate(state.returnTo ?? \""viral\"")}""}"
client/src/studio/ContentPages.tsx,737,button,,"{""type"": ""\""button\"""", ""className"": ""\""content-player-viral-trigger\"""", ""onClick"": ""{playback.status === \""error\"" ? retry : play}"", ""aria-label"": ""{`${playback.status === \""error\"" ? \""重试播放\"" : \""播放\""} ${video.title}`}"", ""disabled"": ""{playback.status === \""loading\""}""}"
client/src/studio/ContentPages.tsx,818,Button,提取文案,"{""disabled"": ""{media.status === \""loading\""}"", ""variant"": ""\""outline\"""", ""onClick"": ""{() => prepare(video, goExtract)}""}"
client/src/studio/ContentPages.tsx,827,Button,视频复刻,"{""disabled"": ""{media.status === \""loading\""}"", ""variant"": ""\""outline\"""", ""onClick"": ""{() => prepare(video, goReplica)}""}"
client/src/studio/ContentPages.tsx,836,Button,,"{""variant"": ""\""outline\"""", ""onClick"": ""{() =>\n                  patchState({\n                    favorites: saved\n                      ? state.favorites.filter((id) => id !== video.id)\n                      : [...state.favorites, video.id],\n                  })\n                }""}"
client/src/studio/ContentPages.tsx,866,button,,"{""type"": ""\""button\"""", ""className"": ""{`content-asset ${selected ? \""is-selected\"" : \""\""} ${asset.composite ? \""content-asset--composite\"" : \""\""}`}"", ""onClick"": ""{onSelect}"", ""aria-label"": ""{`选择素材 ${asset.name}`}""}"
client/src/studio/ContentPages.tsx,1171,input,,"{""accept"": ""\"".jpg,.jpeg,.png,.mp3,.mp4,.mov\"""", ""aria-label"": ""\""选择上传素材\"""", ""hidden"": ""true"", ""onChange"": ""{(event) => {\n            const file = event.target.files?.[0];\n            if (file) void handleUpload(file);\n          }}"", ""ref"": ""{uploadInputRef}"", ""type"": ""\""file\""""}"
client/src/studio/ContentPages.tsx,1182,Button,,"{""className"": ""\""content-title-action\"""", ""disabled"": ""{busyAction === \""upload\""}"", ""variant"": ""\""primary\"""", ""onClick"": ""{() =>\n            review\n              ? notify(\""审核模式保留示例素材，不执行真实上传\"")\n              : uploadInputRef.current?.click()\n          }""}"
client/src/studio/ContentPages.tsx,1197,Tabs,,"{""items"": ""{[\n          { id: \""全部\"", label: \""全部\"" },\n          { id: \""video\"", label: \""视频\"" },\n          { id: \""image\"", label: \""图片\"" },\n          { id: \""audio\"", label: \""音频\"" },\n        ]}"", ""value"": ""{kind}"", ""onChange"": ""{(value) => {\n          setKind(value as typeof kind);\n          setPage(1);\n        }}""}"
client/src/studio/ContentPages.tsx,1220,input,,"{""aria-label"": ""\""搜索素材\"""", ""maxLength"": ""{120}"", ""placeholder"": ""\""搜索素材名称\"""", ""value"": ""{queryInput}"", ""onChange"": ""{(event) => setQueryInput(event.target.value)}""}"
client/src/studio/ContentPages.tsx,1227,select,,"{""aria-label"": ""\""素材来源\"""", ""value"": ""{source}"", ""onChange"": ""{(event) => {\n              setSource(event.target.value as typeof source);\n              setPage(1);\n            }}""}"
client/src/studio/ContentPages.tsx,1242,Button,搜索,"{""type"": ""\""submit\"""", ""variant"": ""\""outline\""""}"
client/src/studio/ContentPages.tsx,1272,Button,‹,"{""aria-label"": ""\""上一页\"""", ""disabled"": ""{page === 1}"", ""variant"": ""\""outline\"""", ""onClick"": ""{() => setPage((currentPage) => currentPage - 1)}""}"
client/src/studio/ContentPages.tsx,1282,Button,,"{""key"": ""{pageNumber}"", ""variant"": ""{page === pageNumber ? \""primary\"" : \""quiet\""}"", ""onClick"": ""{() => setPage(pageNumber)}""}"
client/src/studio/ContentPages.tsx,1291,Button,›,"{""aria-label"": ""\""下一页\"""", ""disabled"": ""{page === pages}"", ""variant"": ""\""outline\"""", ""onClick"": ""{() => setPage((currentPage) => currentPage + 1)}""}"
client/src/studio/ContentPages.tsx,1325,Button,用于音频口播,"{""variant"": ""\""primary\"""", ""onClick"": ""{() => {\n                    retainForDraft(selected);\n                    patchDraft({\n                      audioId: selected.id,\n                      ipId: selected.personId,\n                      voiceId: undefined,\n                    });\n                    navigate(\""oral-audio\"", { returnTo: \""materials\"" });\n                  }}""}"
client/src/studio/ContentPages.tsx,1342,Button,用作原画面,"{""variant"": ""\""outline\"""", ""onClick"": ""{() => {\n                    retainForDraft(selected);\n                    patchDraft({\n                      originalImageId: selected.id,\n                      frameConfirmed: false,\n                    });\n                    navigate(\""replica\"", { returnTo: \""materials\"" });\n                  }}""}"
client/src/studio/ContentPages.tsx,1358,Button,用作首帧,"{""variant"": ""\""outline\"""", ""onClick"": ""{() => {\n                    retainForDraft(selected);\n                    patchDraft({ firstFrameId: selected.id });\n                    navigate(\""video\"", { returnTo: \""materials\"" });\n                  }}""}"
client/src/studio/ContentPages.tsx,1371,Button,用作尾帧,"{""variant"": ""\""outline\"""", ""onClick"": ""{() => {\n                    retainForDraft(selected);\n                    patchDraft({ tailFrameId: selected.id });\n                    navigate(\""video\"", { returnTo: \""materials\"" });\n                  }}""}"
client/src/studio/ContentPages.tsx,1383,Button,用于参考生视频,"{""variant"": ""\""outline\"""", ""onClick"": ""{() => applyAsReference(selected)}""}"
client/src/studio/ContentPages.tsx,1395,input,,"{""aria-label"": ""\""素材名称\"""", ""maxLength"": ""{120}"", ""onChange"": ""{(event) => setRenameValue(event.target.value)}"", ""value"": ""{renameValue}""}"
client/src/studio/ContentPages.tsx,1402,Button,保存名称,"{""disabled"": ""{busyAction === \""rename\"" || !renameValue.trim()}"", ""onClick"": ""{() => void saveName()}"", ""variant"": ""\""outline\""""}"
client/src/studio/ContentPages.tsx,1412,input,,"{""aria-label"": ""\""素材分组\"""", ""maxLength"": ""{80}"", ""onChange"": ""{(event) => setGroupValue(event.target.value)}"", ""value"": ""{groupValue}""}"
client/src/studio/ContentPages.tsx,1419,Button,保存分组,"{""disabled"": ""{busyAction === \""group\"" || !groupValue.trim()}"", ""onClick"": ""{() => void saveGroup()}"", ""variant"": ""\""outline\""""}"
client/src/studio/ContentPages.tsx,1431,Button,下载素材,"{""disabled"": ""{busyAction === \""download\""}"", ""onClick"": ""{() => void downloadSelected()}"", ""variant"": ""\""outline\""""}"
client/src/studio/ContentPages.tsx,1441,Button,从素材库移除,"{""disabled"": ""{busyAction === \""hide\""}"", ""onClick"": ""{() => void removeSelected()}"", ""variant"": ""\""quiet\""""}"
client/src/studio/ContentPages.tsx,1591,button,,"{""className"": ""\""content-publish-draft-card\"""", ""key"": ""{draft.id}"", ""onClick"": ""{() => {\n                    setForm(draft);\n                    setSaveNotice(false);\n                    patchState({ selectedAssetId: draft.assetId });\n                  }}"", ""type"": ""\""button\""""}"
client/src/studio/ContentPages.tsx,1655,button,,"{""aria-label"": ""{`选择封面 ${asset.name}`}"", ""className"": ""{\n                        selectedCover?.id === asset.id ? \""is-selected\"" : \""\""\n                      }"", ""key"": ""{asset.id}"", ""onClick"": ""{() => updateForm({ coverId: asset.id })}"", ""type"": ""\""button\""""}"
client/src/studio/ContentPages.tsx,1674,Button,上传自定义封面（接口待接通）,"{""disabled"": ""true"", ""variant"": ""\""outline\""""}"
client/src/studio/ContentPages.tsx,1683,Button,,"{""aria-pressed"": ""{form.platform === platform}"", ""key"": ""{platform}"", ""onClick"": ""{() => updateForm({ platform })}"", ""variant"": ""{form.platform === platform ? \""primary\"" : \""outline\""}""}"
client/src/studio/ContentPages.tsx,1697,Button,张工说乡墅,"{""aria-pressed"": ""{form.account === \""张工说乡墅\""}"", ""onClick"": ""{() => updateForm({ account: \""张工说乡墅\"" })}"", ""variant"": ""\""outline\""""}"
client/src/studio/ContentPages.tsx,1709,Button,前往用户档案管理账号,"{""onClick"": ""{() => navigate(\""profile\"")}"", ""variant"": ""\""quiet\""""}"
client/src/studio/ContentPages.tsx,1716,input,,"{""onChange"": ""{(event) => updateForm({ title: event.target.value })}"", ""placeholder"": ""\""填写发布标题\"""", ""value"": ""{form.title}""}"
client/src/studio/ContentPages.tsx,1723,textarea,,"{""onChange"": ""{(event) =>\n                  updateForm({ description: event.target.value })\n                }"", ""placeholder"": ""\""填写发布说明\"""", ""value"": ""{form.description}""}"
client/src/studio/ContentPages.tsx,1736,input,,"{""aria-label"": ""\""添加标签\"""", ""onChange"": ""{(event) => setTagInput(event.target.value)}"", ""onKeyDown"": ""{(event) => {\n                    if (event.key !== \""Enter\"") return;\n                    event.preventDefault();\n                    addTag();\n                  }}"", ""placeholder"": ""\""输入标签后按 Enter\"""", ""value"": ""{tagInput}""}"
client/src/studio/ContentPages.tsx,1756,Button,保存草稿,"{""disabled"": ""{!selectedAsset}"", ""onClick"": ""{savePublishDraft}"", ""variant"": ""\""outline\""""}"
client/src/studio/ContentPages.tsx,1763,Button,正式发布（接口未接通）,"{""aria-label"": ""\""正式发布（接口未接通）\"""", ""disabled"": ""true"", ""variant"": ""\""primary\""""}"
client/src/studio/CreationNavigation.tsx,15,Tabs,,"{""value"": ""{page}"", ""onChange"": ""{navigate}"", ""items"": ""{[\n          { id: \""replica\"", label: \""视频复刻\"" },\n          { id: \""replacement\"", label: \""人物置换\"" },\n          { id: \""video\"", label: \""视频生成\"" },\n          { id: \""oral\"", label: \""数字人口播\"" },\n        ]}""}"
client/src/studio/CreationPages.tsx,148,Tabs,,"{""items"": ""{[\n          { id: \""rewrite\"", label: \""文案改写\"" },\n          { id: \""saved\"", label: \""我的文案\"" },\n        ]}"", ""value"": ""{tab}"", ""onChange"": ""{(value) => setTab(value as \""rewrite\"" | \""saved\"")}""}"
client/src/studio/CreationPages.tsx,161,button,,"{""className"": ""\""creation-script-row\"""", ""key"": ""{script.id}"", ""onClick"": ""{() => patchDraft({ script })}"", ""type"": ""\""button\""""}"
client/src/studio/CreationPages.tsx,195,Button,打开来源分析,"{""variant"": ""\""outline\"""", ""onClick"": ""{() => openLive(\""analysis\"")}""}"
client/src/studio/CreationPages.tsx,213,input,,"{""aria-label"": ""\""作品名称\"""", ""className"": ""\""creation-input\"""", ""onChange"": ""{(event) =>\n                  patchDraft({\n                    script: {\n                      ...state.draft.script,\n                      title: event.target.value,\n                      confirmed: false,\n                    },\n                  })\n                }"", ""placeholder"": ""\""作品名称\"""", ""value"": ""{state.draft.script.title}""}"
client/src/studio/CreationPages.tsx,228,textarea,,"{""aria-label"": ""\""二创文案\"""", ""className"": ""\""creation-textarea creation-copy-textarea\"""", ""onChange"": ""{(event) =>\n                  patchDraft({\n                    script: {\n                      ...state.draft.script,\n                      text: event.target.value,\n                      confirmed: false,\n                    },\n                  })\n                }"", ""placeholder"": ""\""在这里编辑乡墅口播文案\"""", ""value"": ""{state.draft.script.text}""}"
client/src/studio/CreationPages.tsx,282,Button,按 IP 二创,"{""variant"": ""\""outline\"""", ""onClick"": ""{() => openLive(\""analysis\"")}""}"
client/src/studio/CreationPages.tsx,285,Button,更换人物,"{""variant"": ""\""outline\"""", ""onClick"": ""{() => openPicker(\""person\"")}""}"
client/src/studio/CreationPages.tsx,288,Button,确认终稿,"{""variant"": ""\""quiet\"""", ""onClick"": ""{confirmFinalDraft}"", ""disabled"": ""{!state.draft.script.text.trim()}""}"
client/src/studio/CreationPages.tsx,298,Button,保存版本,"{""variant"": ""\""outline\"""", ""onClick"": ""{saveDraft}""}"
client/src/studio/CreationPages.tsx,301,Button,用于数字人口播,"{""variant"": ""\""primary\"""", ""disabled"": ""{!state.draft.script.confirmed || !state.draft.ipId}"", ""onClick"": ""{() => navigate(\""oral\"", { returnTo: \""copy\"" })}""}"
client/src/studio/CreationPages.tsx,655,Button,上传参考视频,"{""variant"": ""\""primary\"""", ""onClick"": ""{() => uploadInputRef.current?.click()}""}"
client/src/studio/CreationPages.tsx,662,select,,"{""aria-label"": ""\""选择已有项目\"""", ""className"": ""\""creation-project-select\"""", ""defaultValue"": ""\""\"""", ""onChange"": ""{(event) => {\n                      if (event.target.value) {\n                        selectExistingProject(event.target.value);\n                      }\n                    }}""}"
client/src/studio/CreationPages.tsx,700,Button,,"{""variant"": ""\""primary\"""", ""disabled"": ""{analysisBusy}"", ""onClick"": ""{() => void startAnalysis()}""}"
client/src/studio/CreationPages.tsx,711,Button,更换来源视频,"{""disabled"": ""{analysisBusy}"", ""variant"": ""\""outline\"""", ""onClick"": ""{() => uploadInputRef.current?.click()}""}"
client/src/studio/CreationPages.tsx,757,textarea,,"{""aria-label"": ""\""拆解 Prompt\"""", ""className"": ""\""creation-textarea\"""", ""onChange"": ""{(event) => {\n                setPromptText(event.target.value);\n                patchDraft({ prompt: event.target.value });\n              }}"", ""placeholder"": ""\""完成 AI 拆解后，这里会生成逐镜头的反推提示词；也可手动撰写。\"""", ""rows"": ""{10}"", ""value"": ""{promptText}""}"
client/src/studio/CreationPages.tsx,771,input,,"{""aria-label"": ""\""自定义提示词名称\"""", ""className"": ""\""creation-project-select\"""", ""onChange"": ""{(event) => setPromptName(event.target.value)}"", ""placeholder"": ""\""提示词名称\"""", ""value"": ""{promptName}""}"
client/src/studio/CreationPages.tsx,778,Button,,"{""disabled"": ""{savingPrompt}"", ""onClick"": ""{() => void saveAsCustomPrompt()}"", ""variant"": ""\""primary\""""}"
client/src/studio/CreationPages.tsx,785,Button,取消,"{""onClick"": ""{() => setPromptNameOpen(false)}"", ""variant"": ""\""quiet\""""}"
client/src/studio/CreationPages.tsx,794,Button,保存为自定义提示词,"{""onClick"": ""{() => setPromptNameOpen(true)}"", ""variant"": ""\""outline\""""}"
client/src/studio/CreationPages.tsx,800,Button,,"{""disabled"": ""{\n                      generating || analysisBusy || displayShots.length === 0\n                    }"", ""onClick"": ""{() => void sendToGeneration()}"", ""variant"": ""\""primary\""""}"
client/src/studio/CreationPages.tsx,824,Button,保存草稿,"{""variant"": ""\""outline\"""", ""onClick"": ""{saveDraft}""}"
client/src/studio/CreationPages.tsx,827,Button,进入分镜工作区,"{""variant"": ""\""outline\"""", ""onClick"": ""{() => openLive(\""analysis\"")}""}"
client/src/studio/CreationPages.tsx,831,input,,"{""accept"": ""\""video/mp4,video/quicktime\"""", ""aria-label"": ""\""上传参考视频\"""", ""hidden"": ""true"", ""onChange"": ""{(event) => {\n          const file = event.target.files?.[0];\n          if (file) void handleUpload(file);\n          event.target.value = \""\"";\n        }}"", ""ref"": ""{uploadInputRef}"", ""type"": ""\""file\""""}"
client/src/studio/CreationPages.tsx,1034,select,,"{""aria-label"": ""\""选择项目\"""", ""className"": ""\""creation-project-select\"""", ""defaultValue"": ""\""\"""", ""onChange"": ""{(event) => {\n                    const selected = data.projects.find(\n                      (item) => item.id === event.target.value,\n                    );\n                    if (selected) {\n                      patchDraft({ projectId: selected.id });\n                      notify(`已切换到项目「${selected.name}」。`);\n                    }\n                  }}""}"
client/src/studio/CreationPages.tsx,1099,Button,重试匹配人物参考,"{""onClick"": ""{retryReferenceMatch}"", ""variant"": ""\""outline\""""}"
client/src/studio/CreationPages.tsx,1127,Button,用于文/图生视频,"{""disabled"": ""{leafBusy}"", ""variant"": ""\""primary\"""", ""onClick"": ""{() => navigate(\""video\"")}""}"
client/src/studio/CreationPages.tsx,1150,Button,保存草稿,"{""variant"": ""\""outline\"""", ""onClick"": ""{saveDraft}""}"
client/src/studio/CreationPages.tsx,1173,button,,"{""className"": ""{draft.resolution === resolution ? \""active\"" : \""\""}"", ""key"": ""{resolution}"", ""onClick"": ""{() => patchDraft({ resolution })}"", ""type"": ""\""button\""""}"
client/src/studio/CreationPages.tsx,1185,input,,"{""aria-label"": ""\""时长\"""", ""max"": ""{15}"", ""min"": ""{4}"", ""onChange"": ""{(event) =>\n            patchDraft({ duration: Number(event.target.value) })\n          }"", ""type"": ""\""range\"""", ""value"": ""{draft.duration}""}"
client/src/studio/CreationPages.tsx,1199,button,,"{""className"": ""{draft.ratio === ratio ? \""active\"" : \""\""}"", ""key"": ""{ratio}"", ""onClick"": ""{() => patchDraft({ ratio })}"", ""type"": ""\""button\""""}"
client/src/studio/CreationPages.tsx,1213,button,个,"{""className"": ""{draft.count === count ? \""active\"" : \""\""}"", ""key"": ""{count}"", ""onClick"": ""{() => patchDraft({ count })}"", ""type"": ""\""button\""""}"
client/src/studio/CreationPages.tsx,1344,Button,导入提示词,"{""variant"": ""\""quiet\"""", ""onClick"": ""{toggle}""}"
client/src/studio/CreationPages.tsx,1365,button,,"{""key"": ""{item.id}"", ""type"": ""\""button\"""", ""onClick"": ""{() => {\n                  onImport(item.prompt_text);\n                  notify(`已导入「${item.name}」，可继续修改。`);\n                  setOpen(false);\n                }}""}"
client/src/studio/CreationPages.tsx,1417,button,,"{""className"": ""\""creation-upload-mini\"""", ""disabled"": ""{progress !== undefined}"", ""onClick"": ""{() => inputRef.current?.click()}"", ""type"": ""\""button\""""}"
client/src/studio/CreationPages.tsx,1425,input,,"{""accept"": ""\""image/png,image/jpeg\"""", ""aria-label"": ""{`上传${label}`}"", ""hidden"": ""true"", ""onChange"": ""{(event) => {\n          const file = event.target.files?.[0];\n          if (file) void upload(file);\n          event.target.value = \""\"";\n        }}"", ""ref"": ""{inputRef}"", ""type"": ""\""file\""""}"
client/src/studio/CreationPages.tsx,1485,Tabs,,"{""items"": ""{[\n          { id: \""video\"", label: \""文/图生视频\"" },\n          { id: \""reference\"", label: \""参考生视频\"" },\n        ]}"", ""value"": ""{referenceMode ? \""reference\"" : \""video\""}"", ""onChange"": ""{(value) =>\n          navigate(value === \""reference\"" ? \""reference\"" : \""video\"")\n        }""}"
client/src/studio/CreationPages.tsx,1500,textarea,,"{""aria-label"": ""\""提示词\"""", ""className"": ""\""creation-textarea\"""", ""onChange"": ""{(event) => patchDraft({ prompt: event.target.value })}"", ""placeholder"": ""\""描述镜头、场景、运动与光线\"""", ""value"": ""{state.draft.prompt}""}"
client/src/studio/CreationPages.tsx,1514,button,,"{""className"": ""\""creation-upload\"""", ""onClick"": ""{() => openPicker(\""reference\"")}"", ""type"": ""\""button\""""}"
client/src/studio/CreationPages.tsx,1546,Button,,"{""aria-label"": ""{`移除 ${asset.name}`}"", ""className"": ""\""creation-reference-remove\"""", ""onClick"": ""{() =>\n                        patchDraft({\n                          referenceIds: state.draft.referenceIds.filter(\n                            (id) => id !== asset.id,\n                          ),\n                        })\n                      }"", ""variant"": ""\""quiet\""""}"
client/src/studio/CreationPages.tsx,1569,button,,"{""onClick"": ""{() => openPicker(\""first-frame\"")}"", ""type"": ""\""button\""""}"
client/src/studio/CreationPages.tsx,1587,button,,"{""onClick"": ""{() => openPicker(\""tail-frame\"")}"", ""type"": ""\""button\""""}"
client/src/studio/CreationPages.tsx,1611,Button,保存草稿,"{""variant"": ""\""outline\"""", ""onClick"": ""{saveDraft}""}"
client/src/studio/CreationPages.tsx,1614,Button,生成视频,"{""variant"": ""\""primary\"""", ""disabled"": ""{!ready}"", ""onClick"": ""{() => requestGeneration(\""视频生成\"")}""}"
client/src/studio/CreationPages.tsx,1670,Button,更换 IP,"{""variant"": ""\""outline\"""", ""onClick"": ""{() => openPicker(\""person\"")}""}"
client/src/studio/CreationPages.tsx,1717,Button,← 返回,"{""variant"": ""\""quiet\"""", ""onClick"": ""{() => navigate(state.returnTo ?? \""workbench\"")}""}"
client/src/studio/CreationPages.tsx,1730,Tabs,,"{""items"": ""{[\n              { id: \""oral\"", label: \""用文案生成\"" },\n              { id: \""oral-audio\"", label: \""用已有音频生成\"" },\n            ]}"", ""value"": ""{audioMode ? \""oral-audio\"" : \""oral\""}"", ""onChange"": ""{(value) =>\n              navigate(value === \""oral-audio\"" ? \""oral-audio\"" : \""oral\"")\n            }""}"
client/src/studio/CreationPages.tsx,1764,Button,从素材库选择,"{""variant"": ""\""outline\"""", ""onClick"": ""{() => openPicker(\""audio\"")}""}"
client/src/studio/CreationPages.tsx,1767,Button,上传音频,"{""variant"": ""\""outline\"""", ""onClick"": ""{() =>\n                      notify(\""音频上传服务尚未接通，请先从素材库选择\"")\n                    }""}"
client/src/studio/CreationPages.tsx,1791,button,去文案工坊修改,"{""onClick"": ""{() => navigate(\""copy\"", { returnTo: \""oral\"" })}"", ""type"": ""\""button\""""}"
client/src/studio/CreationPages.tsx,1803,Button,更换,"{""variant"": ""\""outline\"""", ""onClick"": ""{() => openPicker(\""voice\"")}""}"
client/src/studio/CreationPages.tsx,1810,button,管理声音,"{""className"": ""\""creation-text-link\"""", ""onClick"": ""{() =>\n                      navigate(\""person-voices\"", {\n                        returnTo: state.page,\n                        selectedPersonId: state.draft.ipId,\n                      })\n                    }"", ""type"": ""\""button\""""}"
client/src/studio/CreationPages.tsx,1831,Button,更换分身,"{""variant"": ""\""outline\"""", ""onClick"": ""{() => openPicker(\""avatar\"")}""}"
client/src/studio/CreationPages.tsx,1846,button,去人物库管理口播分身,"{""className"": ""\""creation-text-link\"""", ""onClick"": ""{() =>\n                  navigate(\""person-avatars\"", {\n                    returnTo: state.page,\n                    selectedPersonId: state.draft.ipId,\n                  })\n                }"", ""type"": ""\""button\""""}"
client/src/studio/CreationPages.tsx,1864,Button,去人物库制作口播分身,"{""variant"": ""\""outline\"""", ""onClick"": ""{() =>\n                    navigate(\""person-avatars\"", {\n                      returnTo: state.page,\n                      selectedPersonId: state.draft.ipId,\n                    })\n                  }""}"
client/src/studio/CreationPages.tsx,1884,Button,标准口播,"{""variant"": ""{state.draft.style === \""standard\"" ? \""outline\"" : \""quiet\""}"", ""onClick"": ""{() => patchDraft({ style: \""standard\"" })}""}"
client/src/studio/CreationPages.tsx,1890,Button,网感模板,"{""variant"": ""{state.draft.style === \""template\"" ? \""outline\"" : \""quiet\""}"", ""onClick"": ""{() => patchDraft({ style: \""template\"" })}""}"
client/src/studio/CreationPages.tsx,1899,Button,不添加,"{""variant"": ""{!state.draft.subtitles ? \""outline\"" : \""quiet\""}"", ""onClick"": ""{() => patchDraft({ subtitles: false })}""}"
client/src/studio/CreationPages.tsx,1905,Button,添加,"{""variant"": ""{state.draft.subtitles ? \""outline\"" : \""quiet\""}"", ""onClick"": ""{() => patchDraft({ subtitles: true })}""}"
client/src/studio/CreationPages.tsx,1915,Button,保存草稿,"{""variant"": ""\""outline\"""", ""onClick"": ""{saveDraft}""}"
client/src/studio/CreationPages.tsx,1918,Button,生成口播视频,"{""variant"": ""\""primary\"""", ""disabled"": ""{!ready}"", ""onClick"": ""{() => requestGeneration(\""数字人口播\"")}""}"
client/src/studio/LiveWorkspacePanel.tsx,96,button,返回新工作台,"{""type"": ""\""button\"""", ""onClick"": ""{onClose}""}"
client/src/studio/MainPages.tsx,128,button,,"{""type"": ""\""button\"""", ""className"": ""\""studio-row-menu-trigger\"""", ""aria-label"": ""{`更多操作：${task.title}`}"", ""aria-haspopup"": ""\""menu\"""", ""aria-expanded"": ""{open}"", ""onClick"": ""{() => setOpen((value) => !value)}""}"
client/src/studio/MainPages.tsx,140,button,打开任务中心,"{""type"": ""\""button\"""", ""role"": ""\""menuitem\"""", ""onClick"": ""{() => {\n              setOpen(false);\n              navigate(\""tasks\"");\n            }}""}"
client/src/studio/MainPages.tsx,150,button,复制任务编号,"{""type"": ""\""button\"""", ""role"": ""\""menuitem\"""", ""onClick"": ""{() => {\n              setOpen(false);\n              void copyTaskId();\n            }}""}"
client/src/studio/MainPages.tsx,251,button,,"{""type"": ""\""button\"""", ""className"": ""\""studio-upload-icon\"""", ""aria-label"": ""\""上传视频\"""", ""onClick"": ""{() => {\n              if (review) {\n                notify(\""审核示例不执行真实上传。\"");\n                return;\n              }\n              fileInputRef.current?.click();\n            }}""}"
client/src/studio/MainPages.tsx,265,input,,"{""aria-label"": ""\""视频链接\"""", ""placeholder"": ""\""粘贴视频链接，如抖音、视频号、小红书链接等\"""", ""value"": ""{sourceLink}"", ""onChange"": ""{(event) => setSourceLink(event.target.value)}""}"
client/src/studio/MainPages.tsx,271,input,,"{""ref"": ""{fileInputRef}"", ""type"": ""\""file\"""", ""aria-label"": ""\""选择视频文件\"""", ""accept"": ""\"".mp4,.mov,video/mp4,video/quicktime\"""", ""hidden"": ""true"", ""onChange"": ""{(event) => {\n              const file = event.target.files?.[0];\n              if (file) handleUploadFile(file);\n              event.target.value = \""\"";\n            }}""}"
client/src/studio/MainPages.tsx,283,Button,提取文案,"{""variant"": ""\""primary\"""", ""onClick"": ""{() => begin(\""copy\"")}""}"
client/src/studio/MainPages.tsx,287,Button,开始复刻,"{""onClick"": ""{() => begin(\""replica\"")}""}"
client/src/studio/MainPages.tsx,353,button,,"{""key"": ""{metric.label}"", ""type"": ""\""button\"""", ""className"": ""\""studio-panel\"""", ""onClick"": ""{() => navigate(metric.page)}""}"
client/src/studio/MainPages.tsx,402,Button,查看详情,"{""onClick"": ""{() =>\n                      navigate(\""task-detail\"", { selectedTaskId: task.id })\n                    }""}"
client/src/studio/MainPages.tsx,421,Button,查看全部爆款,"{""variant"": ""\""quiet\"""", ""aria-label"": ""\""查看全部爆款\"""", ""onClick"": ""{() => navigate(\""viral\"")}""}"
client/src/studio/MainPages.tsx,434,button,,"{""type"": ""\""button\"""", ""className"": ""\""studio-home-viral-cover\"""", ""aria-label"": ""{`查看详情：${video.title}`}"", ""onClick"": ""{() =>\n                      navigate(\""viral-detail\"", {\n                        selectedVideoId: video.id,\n                        returnTo: \""workbench\"",\n                      })\n                    }""}"
client/src/studio/MainPages.tsx,459,Button,用它复刻,"{""variant"": ""\""quiet\"""", ""aria-label"": ""{`用它复刻：${video.title}`}"", ""onClick"": ""{() => {\n                        patchDraft({ sourceId: video.id });\n                        navigate(\""replica\"", {\n                          selectedVideoId: video.id,\n                          returnTo: \""workbench\"",\n                        });\n                      }}""}"
client/src/studio/MainPages.tsx,489,button,,"{""type"": ""\""button\"""", ""key"": ""{task.id}"", ""onClick"": ""{() =>\n                  navigate(\""task-detail\"", { selectedTaskId: task.id })\n                }""}"
client/src/studio/MainPages.tsx,507,button,,"{""type"": ""\""button\"""", ""aria-label"": ""\""快捷入口：文案工坊\"""", ""onClick"": ""{() => navigate(\""copy\"")}""}"
client/src/studio/MainPages.tsx,518,button,,"{""type"": ""\""button\"""", ""aria-label"": ""\""快捷入口：人物库\"""", ""onClick"": ""{() => navigate(\""people\"")}""}"
client/src/studio/MainPages.tsx,529,button,,"{""type"": ""\""button\"""", ""aria-label"": ""\""快捷入口：素材库\"""", ""onClick"": ""{() => navigate(\""materials\"")}""}"
client/src/studio/MainPages.tsx,540,button,,"{""type"": ""\""button\"""", ""aria-label"": ""\""快捷入口：数据看板\"""", ""onClick"": ""{() => navigate(\""analytics\"")}""}"
client/src/studio/MainPages.tsx,626,Button,历史任务与下载,"{""onClick"": ""{() => openLive(\""tasks\"")}""}"
client/src/studio/MainPages.tsx,628,Button,视频复刻,"{""variant"": ""\""primary\"""", ""onClick"": ""{() => navigate(\""replica\"")}""}"
client/src/studio/MainPages.tsx,634,Tabs,,"{""value"": ""{status}"", ""onChange"": ""{setStatus}"", ""items"": ""{[\n            { id: \""all\"", label: \""全部\"" },\n            { id: \""active\"", label: `进行中 ${activeCount}` },\n            { id: \""attention\"", label: `待处理 ${attentionCount}` },\n            { id: \""completed\"", label: \""已完成\"" },\n          ]}""}"
client/src/studio/MainPages.tsx,644,FilterSelect,,"{""label"": ""\""类型\"""", ""items"": ""{kindItems}"", ""value"": ""{kind}"", ""onChange"": ""{setKind}""}"
client/src/studio/MainPages.tsx,687,Button,,"{""variant"": ""\""quiet\"""", ""disabled"": ""{cancellingId === task.id}"", ""onClick"": ""{() => void cancelTask(task)}""}"
client/src/studio/MainPages.tsx,695,Button,,"{""variant"": ""\""quiet\"""", ""onClick"": ""{() =>\n                        navigate(\""task-detail\"", { selectedTaskId: task.id })\n                      }""}"
client/src/studio/MainPages.tsx,715,Button,清除筛选,"{""onClick"": ""{() => {\n                    setStatus(\""all\"");\n                    setKind(\""全部\"");\n                  }}""}"
client/src/studio/MainPages.tsx,762,Button,返回任务中心,"{""onClick"": ""{() => navigate(\""tasks\"")}""}"
client/src/studio/MainPages.tsx,890,Button,返回任务中心,"{""onClick"": ""{() => navigate(\""tasks\"")}""}"
client/src/studio/MainPages.tsx,942,Button,,"{""variant"": ""\""primary\"""", ""onClick"": ""{previewResult}"", ""disabled"": ""{previewStatus === \""loading\""}""}"
client/src/studio/MainPages.tsx,957,Button,,"{""onClick"": ""{() => void downloadResult()}"", ""disabled"": ""{\n                task.status !== \""completed\"" || actionBusy === \""download\""\n              }""}"
client/src/studio/MainPages.tsx,966,Button,查看素材,"{""disabled"": ""{!result || task.status !== \""completed\""}"", ""onClick"": ""{() =>\n                navigate(\""materials\"", {\n                  selectedAssetId: task.resultId,\n                  returnTo: \""task-detail\"",\n                })\n              }""}"
client/src/studio/MainPages.tsx,978,Button,去发布管理,"{""variant"": ""\""primary\"""", ""disabled"": ""{!result || task.status !== \""completed\""}"", ""onClick"": ""{() =>\n                navigate(\""publishing\"", { selectedAssetId: task.resultId })\n              }""}"
client/src/studio/MainPages.tsx,1000,Button,,"{""disabled"": ""{actionBusy === \""retry\""}"", ""onClick"": ""{() => void retryTask()}""}"
client/src/studio/MainPages.tsx,1008,Button,核对任务状态,"{""onClick"": ""{() => openLive(\""tasks\"")}""}"
client/src/studio/MainPages.tsx,1014,Button,调整脚本,"{""onClick"": ""{() => recreate(\""copy\"")}""}"
client/src/studio/MainPages.tsx,1018,Button,更换素材,"{""onClick"": ""{() =>\n                navigate(\""materials\"", {\n                  returnTo: \""task-detail\"",\n                  selectedTaskId: task.id,\n                })\n              }""}"
client/src/studio/MainPages.tsx,1029,Button,新建草稿,"{""onClick"": ""{() =>\n                recreate(task.type === \""数字人口播\"" ? \""oral\"" : \""replica\"")\n              }""}"
client/src/studio/MainPages.tsx,1112,Tabs,,"{""value"": ""{profileTab}"", ""onChange"": ""{(id) =>\n          id === \""billing\""\n            ? openLive(\""wallet\"")\n            : id === \""devices\""\n              ? openLive(\""profile\"")\n              : setProfileTab(id)\n        }"", ""items"": ""{[\n          { id: \""overview\"", label: \""账户资料\"" },\n          { id: \""publishing\"", label: \""发布账号\"" },\n          { id: \""billing\"", label: \""使用记录\"" },\n          { id: \""devices\"", label: \""设备管理\"" },\n        ]}""}"
client/src/studio/MainPages.tsx,1151,Button,连接发布账号,"{""disabled"": ""true""}"
client/src/studio/MainPages.tsx,1164,input,,"{""value"": ""{name}"", ""onChange"": ""{(event) => setName(event.target.value)}"", ""readOnly"": ""{!review}""}"
client/src/studio/MainPages.tsx,1184,button,,"{""type"": ""\""button\"""", ""className"": ""\""studio-switch\"""", ""aria-label"": ""\""通知偏好\"""", ""aria-pressed"": ""{notificationsEnabled === true}"", ""disabled"": ""{\n                        notificationsEnabled === null || savingNotifications\n                      }"", ""onClick"": ""{() => void toggleNotifications()}""}"
client/src/studio/MainPages.tsx,1222,Button,管理发布账号,"{""onClick"": ""{() => setProfileTab(\""publishing\"")}""}"
client/src/studio/MainPages.tsx,1239,Button,查看使用记录,"{""onClick"": ""{() => openLive(\""wallet\"")}""}"
client/src/studio/MainPages.tsx,1254,Button,管理设备,"{""onClick"": ""{() => openLive(\""profile\"")}""}"
client/src/studio/MainPages.tsx,1259,Button,,"{""variant"": ""\""primary\"""", ""onClick"": ""{() =>\n                review\n                  ? notify(\""示例账户，不保存真实资料。\"")\n                  : openLive(\""profile\"")\n              }""}"
client/src/studio/PeoplePages.tsx,131,Button,＋ 新增人物,"{""aria-label"": ""\""新增人物\"""", ""variant"": ""\""primary\"""", ""onClick"": ""{() => openLive(\""characters\"")}""}"
client/src/studio/PeoplePages.tsx,141,button,,"{""className"": ""{\n              label === roleFilter ? \""people-filter is-active\"" : \""people-filter\""\n            }"", ""key"": ""{label}"", ""type"": ""\""button\"""", ""onClick"": ""{() => setRoleFilter(label)}""}"
client/src/studio/PeoplePages.tsx,158,Button,新增人物,"{""variant"": ""\""primary\"""", ""onClick"": ""{() => openLive(\""characters\"")}""}"
client/src/studio/PeoplePages.tsx,224,Button,查看人物,"{""variant"": ""\""primary\"""", ""onClick"": ""{onOpen}""}"
client/src/studio/PeoplePages.tsx,227,Button,用于创作,"{""variant"": ""\""outline\"""", ""onClick"": ""{() =>\n              navigate(\""person-photos\"", { selectedPersonId: person.id })\n            }""}"
client/src/studio/PeoplePages.tsx,251,button,← 返回,"{""className"": ""\""people-back\"""", ""type"": ""\""button\"""", ""onClick"": ""{() =>\n          navigate(state.returnTo ?? \""people\"", { returnTo: undefined })\n        }""}"
client/src/studio/PeoplePages.tsx,261,Tabs,,"{""items"": ""{personTabs}"", ""value"": ""{tab}"", ""onChange"": ""{(next) =>\n          navigate(next as StudioPage, { selectedPersonId: person.id })\n        }""}"
client/src/studio/PeoplePages.tsx,361,input,,"{""value"": ""{draft.name}"", ""onChange"": ""{(event) => update(\""name\"", event.target.value)}""}"
client/src/studio/PeoplePages.tsx,367,input,,"{""value"": ""{draft.role}"", ""onChange"": ""{(event) => update(\""role\"", event.target.value)}""}"
client/src/studio/PeoplePages.tsx,373,input,,"{""value"": ""{draft.scope}"", ""onChange"": ""{(event) => update(\""scope\"", event.target.value)}""}"
client/src/studio/PeoplePages.tsx,379,input,,"{""value"": ""{draft.audience}"", ""onChange"": ""{(event) => update(\""audience\"", event.target.value)}""}"
client/src/studio/PeoplePages.tsx,385,input,,"{""value"": ""{draft.expression}"", ""onChange"": ""{(event) => update(\""expression\"", event.target.value)}""}"
client/src/studio/PeoplePages.tsx,400,Button,,"{""variant"": ""\""primary\"""", ""disabled"": ""{saving}"", ""onClick"": ""{() => void save()}""}"
client/src/studio/PeoplePages.tsx,403,Button,去文案工坊创作,"{""variant"": ""\""outline\"""", ""onClick"": ""{() => {\n            patchDraft({ ipId: person.id });\n            navigate(\""copy\"", { selectedPersonId: person.id });\n          }}""}"
client/src/studio/PeoplePages.tsx,430,Button,管理形象照,"{""variant"": ""\""outline\"""", ""onClick"": ""{() => {\n              notify(`正在打开${person.name}的五视图与场景造型。`);\n              openLive(\""characters\"");\n            }}""}"
client/src/studio/PeoplePages.tsx,439,Button,AI 生成场景照,"{""variant"": ""\""primary\"""", ""onClick"": ""{() => {\n              notify(`将在人物管理中为${person.name}选择并生成场景形象照。`);\n              openLive(\""characters\"");\n            }}""}"
client/src/studio/PeoplePages.tsx,473,Button,打开人物管理,"{""variant"": ""\""outline\"""", ""onClick"": ""{() => openLive(\""characters\"")}""}"
client/src/studio/PeoplePages.tsx,489,Button,制作口播分身,"{""variant"": ""\""outline\"""", ""onClick"": ""{() => {\n                    patchDraft({ ipId: person.id });\n                    navigate(\""person-avatars\"", {\n                      selectedPersonId: person.id,\n                      selectedAssetId: asset.id,\n                    });\n                  }}""}"
client/src/studio/PeoplePages.tsx,501,Button,用于人物置换,"{""variant"": ""\""primary\"""", ""onClick"": ""{() => {\n                    patchDraft({ ipId: person.id, imageId: asset.id });\n                    navigate(\""replacement\"", {\n                      selectedPersonId: person.id,\n                      selectedAssetId: asset.id,\n                    });\n                  }}""}"
client/src/studio/PeoplePages.tsx,682,Button,用于数字人口播,"{""variant"": ""\""outline\"""", ""onClick"": ""{() => {\n                  patchDraft({ ipId: person.id, avatarId: avatar.id });\n                  navigate(state.returnTo ?? \""oral\"", {\n                    selectedPersonId: person.id,\n                  });\n                }}""}"
client/src/studio/PeoplePages.tsx,711,Button,刷新制作状态,"{""variant"": ""\""outline\"""", ""disabled"": ""{busy}"", ""onClick"": ""{() => void refreshClone(avatar.id)}""}"
client/src/studio/PeoplePages.tsx,725,Button,用形象照片制作,"{""variant"": ""\""outline\"""", ""onClick"": ""{() => {\n            patchDraft({ ipId: person.id });\n            openPicker(\""avatar-photo\"");\n          }}""}"
client/src/studio/PeoplePages.tsx,735,Button,上传人物视频制作,"{""variant"": ""\""outline\"""", ""onClick"": ""{() => notify(\""审核模式保留示例素材，不执行真实上传\"")}""}"
client/src/studio/PeoplePages.tsx,743,input,,"{""accept"": ""\"".mp4,.mov,video/mp4,video/quicktime\"""", ""aria-label"": ""\""选择人物视频\"""", ""disabled"": ""{busy}"", ""type"": ""\""file\"""", ""onChange"": ""{(event) => {\n                const file = event.target.files?.[0];\n                if (file) void handleVideoUpload(file);\n              }}""}"
client/src/studio/PeoplePages.tsx,756,input,,"{""value"": ""{title}"", ""onChange"": ""{(event) => {\n              setTitle(event.target.value);\n              cloneSubmissionRef.current = undefined;\n            }}""}"
client/src/studio/PeoplePages.tsx,774,input,,"{""aria-label"": ""\""确认分身克隆授权\"""", ""checked"": ""{consented}"", ""disabled"": ""{review || busy}"", ""type"": ""\""checkbox\"""", ""onChange"": ""{(event) => {\n              cloneSubmissionRef.current = undefined;\n              setConsentedSourceId(\n                event.target.checked ? source?.id : undefined,\n              );\n            }}""}"
client/src/studio/PeoplePages.tsx,789,Button,,"{""variant"": ""\""primary\"""", ""disabled"": ""{review || busy || !source || !consented}"", ""onClick"": ""{() => void startClone()}""}"
client/src/studio/PeoplePages.tsx,1007,Button,试听,"{""variant"": ""\""outline\"""", ""onClick"": ""{() => notify(\""该声音暂无可播放样本\"")}""}"
client/src/studio/PeoplePages.tsx,1015,Button,使用此声音,"{""variant"": ""\""primary\"""", ""onClick"": ""{() => {\n                    patchDraft({ ipId: person.id, voiceId: voice.id });\n                    navigate(state.returnTo ?? \""oral\"", {\n                      selectedPersonId: person.id,\n                      returnTo: undefined,\n                    });\n                  }}""}"
client/src/studio/PeoplePages.tsx,1030,Button,刷新克隆状态,"{""variant"": ""\""outline\"""", ""disabled"": ""{busy}"", ""onClick"": ""{() => void refreshClone(voice.id)}""}"
client/src/studio/PeoplePages.tsx,1039,Button,确认使用此声音,"{""variant"": ""\""primary\"""", ""disabled"": ""{busy}"", ""onClick"": ""{() => void confirmVoice(voice.id)}""}"
client/src/studio/PeoplePages.tsx,1061,Button,从素材选择声音样本,"{""variant"": ""\""outline\"""", ""onClick"": ""{() => {\n            patchDraft({ ipId: person.id });\n            openPicker(\""audio\"");\n          }}""}"
client/src/studio/PeoplePages.tsx,1072,input,,"{""accept"": ""\"".mp3,audio/mpeg\"""", ""aria-label"": ""\""选择声音样本\"""", ""disabled"": ""{busy}"", ""type"": ""\""file\"""", ""onChange"": ""{(event) => {\n                const file = event.target.files?.[0];\n                if (file) void handleAudioUpload(file);\n              }}""}"
client/src/studio/PeoplePages.tsx,1085,input,,"{""value"": ""{title}"", ""onChange"": ""{(event) => {\n              setTitle(event.target.value);\n              cloneSubmissionRef.current = undefined;\n            }}"", ""placeholder"": ""\""例如：张工本人音色 V2\""""}"
client/src/studio/PeoplePages.tsx,1104,input,,"{""aria-label"": ""\""确认声音克隆授权\"""", ""checked"": ""{consented}"", ""disabled"": ""{review || busy}"", ""type"": ""\""checkbox\"""", ""onChange"": ""{(event) => {\n              cloneSubmissionRef.current = undefined;\n              setConsentedSourceId(\n                event.target.checked ? source?.id : undefined,\n              );\n            }}""}"
client/src/studio/PeoplePages.tsx,1118,Button,,"{""variant"": ""\""primary\"""", ""disabled"": ""{review || busy || !source || !consented}"", ""onClick"": ""{() => void startClone()}""}"
client/src/studio/StudioWorkspace.tsx,864,button,,"{""type"": ""\""button\"""", ""className"": ""\""studio-brand\"""", ""onClick"": ""{() => {\n              navigate(\""workbench\"");\n            }}""}"
client/src/studio/StudioWorkspace.tsx,877,Button,新建创作,"{""variant"": ""\""primary\"""", ""className"": ""\""studio-new-button\"""", ""onClick"": ""{() => setNewCreation(true)}""}"
client/src/studio/StudioWorkspace.tsx,895,button,,"{""type"": ""\""button\"""", ""key"": ""{item.id}"", ""aria-current"": ""{activeNav === item.id ? \""page\"" : undefined}"", ""className"": ""{activeNav === item.id ? \""is-active\"" : \""\""}"", ""onClick"": ""{() => navigate(item.id)}""}"
client/src/studio/StudioWorkspace.tsx,912,button,,"{""type"": ""\""button\"""", ""className"": ""{`studio-account-entry ${state.page === \""profile\"" ? \""is-active\"" : \""\""}`}"", ""aria-label"": ""{`用户档案，积分 ${review ? \""2680\"" : \""—\""}`}"", ""onClick"": ""{() => navigate(\""profile\"")}""}"
client/src/studio/StudioWorkspace.tsx,927,button,,"{""type"": ""\""button\"""", ""aria-label"": ""\""展开导航\"""", ""className"": ""\""studio-menu-button\"""", ""onClick"": ""{() => setMenuOpen((value) => !value)}""}"
client/src/studio/StudioWorkspace.tsx,942,input,,"{""aria-label"": ""\""搜索工作区\"""", ""placeholder"": ""\""搜索乡墅视频、文案、人物、素材\"""", ""value"": ""{search}"", ""onChange"": ""{(event) => setSearch(event.target.value)}""}"
client/src/studio/StudioWorkspace.tsx,948,button,,"{""type"": ""\""submit\"""", ""aria-label"": ""\""搜索\""""}"
client/src/studio/StudioWorkspace.tsx,952,button,,"{""type"": ""\""button\"""", ""className"": ""\""studio-notifications\"""", ""aria-label"": ""\""查看任务动态\"""", ""onClick"": ""{() => navigate(\""tasks\"")}""}"
client/src/studio/StudioWorkspace.tsx,961,button,,"{""type"": ""\""button\"""", ""aria-label"": ""\""用户档案\"""", ""className"": ""\""studio-top-avatar\"""", ""onClick"": ""{() => navigate(\""profile\"")}""}"
client/src/studio/StudioWorkspace.tsx,974,Button,重试加载,"{""variant"": ""\""quiet\"""", ""onClick"": ""{refresh}""}"
client/src/studio/StudioWorkspace.tsx,1021,button,,"{""type"": ""\""button\"""", ""aria-label"": ""\""关闭提示\"""", ""onClick"": ""{() => setNotice(\""\"")}""}"
client/src/studio/StudioWorkspace.tsx,1040,Button,,"{""key"": ""{page}"", ""onClick"": ""{() => {\n                    navigate(page);\n                    setNewCreation(false);\n                  }}""}"
client/src/studio/StudioWorkspace.tsx,1052,Button,从空白创作开始,"{""variant"": ""\""quiet\"""", ""onClick"": ""{() => {\n                setState((previous) => ({ ...previous, draft: createDraft() }));\n                navigate(\""workbench\"");\n                setNewCreation(false);\n              }}""}"
client/src/studio/StudioWorkspace.tsx,1101,Button,确认费用并提交,"{""variant"": ""\""primary\"""", ""disabled"": ""true""}"
client/src/studio/StudioWorkspace.tsx,1105,Button,确认费用并提交,"{""variant"": ""\""primary\"""", ""disabled"": ""{videoSubmitting}"", ""onClick"": ""{() => void submitVideoTask()}""}"
client/src/studio/StudioWorkspace.tsx,1113,Button,确认费用并提交,"{""variant"": ""\""primary\"""", ""onClick"": ""{() => void submitOralTask()}""}"
client/src/studio/StudioWorkspace.tsx,1120,Button,进入项目生成流程,"{""onClick"": ""{() => {\n                    setGeneration(undefined);\n                    openLive(\""analysis\"");\n                  }}""}"
client/src/studio/StudioWorkspace.tsx,1138,Button,,"{""key"": ""{id}"", ""onClick"": ""{() => navigate(id as StudioPage)}""}"
client/src/studio/StudioWorkspace.tsx,1146,Button,·,"{""key"": ""{person.id}"", ""onClick"": ""{() =>\n                      navigate(\""person-ip\"", { selectedPersonId: person.id })\n                    }""}"
client/src/studio/StudioWorkspace.tsx,1239,button,,"{""type"": ""\""button\"""", ""aria-label"": ""\""关闭\"""", ""onClick"": ""{onClose}""}"
client/src/studio/StudioWorkspace.tsx,1297,button,,"{""type"": ""\""button\"""", ""key"": ""{item.id}"", ""onClick"": ""{() => select({ ipId: item.id })}""}"
client/src/studio/StudioWorkspace.tsx,1315,button,,"{""type"": ""\""button\"""", ""key"": ""{voice.id}"", ""onClick"": ""{() => select({ voiceId: voice.id })}""}"
client/src/studio/StudioWorkspace.tsx,1329,button,,"{""type"": ""\""button\"""", ""key"": ""{avatar.id}"", ""onClick"": ""{() => select({ avatarId: avatar.id })}""}"
client/src/studio/StudioWorkspace.tsx,1345,button,,"{""type"": ""\""button\"""", ""key"": ""{asset.id}"", ""onClick"": ""{() => {\n                      if (kind === \""avatar-photo\"") {\n                        select({ imageId: asset.id });\n                        navigate(\""person-avatars\"", {\n                          selectedPersonId: person?.id,\n                          returnTo: state.page,\n                        });\n                        notify(\n                          \""已选择单张照片作为制作原料。照片尚不是口播分身，需完成制作后才能使用。\"",\n                        );\n                      } else\n                        select(\n                          kind === \""image\""\n                            ? { imageId: asset.id }\n                            : kind === \""original-frame\""\n                              ? {\n                                  originalImageId: asset.id,\n                                  frameConfirmed: false,\n                                }\n                              : kind === \""first-frame\""\n                                ? { firstFrameId: asset.id }\n                                : kind === \""tail-frame\""\n                                  ? { tailFrameId: asset.id }\n                                  : kind === \""audio\""\n                                    ? { audioId: asset.id, voiceId: undefined }\n                                    : {\n                                        referenceIds: [\n                                          ...new Set([\n                                            ...state.draft.referenceIds,\n                                            asset.id,\n                                          ]),\n                                        ],\n                                      },\n                        );\n                    }}""}"
client/src/studio/StudioWorkspace.tsx,1403,Button,前往人物库,"{""onClick"": ""{() => {\n                onClose();\n                navigate(\n                  kind === \""voice\""\n                    ? \""person-voices\""\n                    : kind === \""avatar\""\n                      ? \""person-avatars\""\n                      : \""people\"",\n                  { selectedPersonId: person?.id, returnTo: state.page },\n                );\n              }}""}"
client/src/studio/ui.tsx,84,button,,"{""type"": ""\""button\"""", ""className"": ""{`studio-button studio-button--${variant} ${className}`}""}"
client/src/studio/ui.tsx,159,button,,"{""key"": ""{item.id}"", ""id"": ""{`${id}-${item.id}`}"", ""type"": ""\""button\"""", ""role"": ""\""tab\"""", ""aria-selected"": ""{value === item.id}"", ""className"": ""{value === item.id ? \""is-active\"" : \""\""}"", ""onClick"": ""{() => onChange(item.id)}""}"
client/src/studio/ui.tsx,213,button,：,"{""type"": ""\""button\"""", ""className"": ""{`studio-filter-select-trigger${\n          value === items[0].id ? \""\"" : \"" is-active\""\n        }`}"", ""aria-haspopup"": ""\""listbox\"""", ""aria-expanded"": ""{open}"", ""onClick"": ""{() => setOpen((current) => !current)}""}"
client/src/studio/ui.tsx,232,button,,"{""key"": ""{item.id}"", ""type"": ""\""button\"""", ""role"": ""\""option\"""", ""aria-selected"": ""{item.id === value}"", ""onClick"": ""{() => {\n                setOpen(false);\n                onChange(item.id);\n              }}""}"
