path	line	markers
.github/workflows/ci.yml	170	internal
.github/workflows/ci.yml	172	internal
.github/workflows/ci.yml	175	internal
.github/workflows/ci.yml	185	internal
.github/workflows/ci.yml	187	internal
.github/workflows/ci.yml	196	internal
.github/workflows/ci.yml	197	internal
.github/workflows/ci.yml	198	internal
.github/workflows/ci.yml	200	internal
README.md	13	内部,单机
README.md	15	SQLite
README.md	17	内部
README.md	18	内部
README.md	27	内部
README.md	53	SQLite
README.md	61	DEV_USER
README.md	65	DEV_USER
README.md	66	SQLite
README.md	109	内部
README.md	112	内部
README.md	129	SQLite
README.md	150	内部,单机
README.md	156	内部
README.md	160	内部
README.md	161	内部
client/src-tauri/Cargo.toml	4	Internal
client/src-tauri/Cargo.toml	5	Internal
client/src-tauri/Cargo.toml	13	local-sidecar
client/src-tauri/Cargo.toml	14	internal
client/src-tauri/Cargo.toml	18	local-sidecar
client/src-tauri/resources/start-backend.bat	10	DESKTOP_USER
client/src-tauri/resources/start-backend.bat	11	DESKTOP_USER
client/src-tauri/resources/start-backend.sh	10	DESKTOP_USER
client/src-tauri/src/lib.rs	4	local-sidecar
client/src-tauri/src/lib.rs	6	local-sidecar
client/src-tauri/src/lib.rs	8	local-sidecar
client/src-tauri/src/lib.rs	10	local-sidecar
client/src-tauri/src/lib.rs	12	local-sidecar
client/src-tauri/src/lib.rs	15	internal,local-sidecar
client/src-tauri/src/lib.rs	16	internal
client/src-tauri/src/lib.rs	20	local-sidecar
client/src-tauri/src/lib.rs	22	local-sidecar
client/src-tauri/src/lib.rs	26	local-sidecar
client/src-tauri/src/lib.rs	30	local-sidecar
client/src-tauri/src/lib.rs	40	local-sidecar
client/src-tauri/src/lib.rs	61	local-sidecar
client/src-tauri/src/lib.rs	83	local-sidecar
client/src-tauri/src/lib.rs	118	Internal
client/src-tauri/src/lib.rs	119	local-sidecar
client/src-tauri/src/lib.rs	130	local-sidecar
client/src-tauri/tauri.conf.json	5	internal
client/src/AdminApp.test.tsx	139	internal
client/src/AdminApp.test.tsx	155	internal
client/src/AdminApp.test.tsx	156	internal
client/src/AdminApp.test.tsx	442	内部
client/src/AdminApp.test.tsx	445	内部
client/src/AnalysisWorkspace.test.tsx	2225	INTERNAL
client/src/AnalysisWorkspace.test.tsx	2480	INTERNAL
client/src/AnalysisWorkspace.tsx	1065	内部
client/src/App.test.tsx	12	Internal
client/src/App.test.tsx	153	Internal
client/src/App.test.tsx	159	Internal
client/src/App.test.tsx	308	internal
client/src/App.test.tsx	421	internal
client/src/App.test.tsx	427	internal
client/src/App.test.tsx	446	内部
client/src/App.test.tsx	447	internal
client/src/App.test.tsx	459	internal
client/src/App.tsx	13	Internal
client/src/App.tsx	42	internal
client/src/App.tsx	43	internal
client/src/App.tsx	46	internal
client/src/App.tsx	59	Internal
client/src/App.tsx	84	Internal
client/src/App.tsx	117	内部
client/src/App.tsx	139	internal
client/src/App.tsx	142	internal
client/src/App.tsx	163	internal
client/src/App.tsx	207	internal
client/src/App.tsx	799	内部
client/src/AppGenerationFlow.test.tsx	91	内部
client/src/RootApp.test.tsx	34	internal
client/src/RootApp.test.tsx	63	INTERNAL
client/src/RootApp.test.tsx	68	internal
client/src/RootApp.test.tsx	112	INTERNAL
client/src/RootApp.test.tsx	130	内部
client/src/RootApp.test.tsx	240	internal
client/src/RootApp.test.tsx	248	internal
client/src/RootApp.test.tsx	250	内部
client/src/RootApp.test.tsx	279	内部
client/src/RootApp.tsx	50	internal
client/src/TaskRecordsPanel.test.tsx	926	internal
client/src/TaskRecordsPanel.tsx	84	内部
client/src/WalletPanel.test.tsx	15	internal
client/src/WalletPanel.test.tsx	40	internal
client/src/WalletPanel.tsx	180	内部
client/src/WalletPanel.tsx	181	internal
client/src/WalletPanel.tsx	182	内部
client/src/WalletPanel.tsx	212	internal
client/src/WalletPanel.tsx	252	internal
client/src/WalletPanel.tsx	284	internal
client/src/admin/ActivationCodesPage.tsx	344	internal
client/src/admin/PaymentSettingsSection.tsx	96	internal
client/src/admin/PaymentSettingsSection.tsx	101	内部
client/src/admin/PaymentSettingsSection.tsx	106	内部
client/src/admin/PaymentSettingsSection.tsx	176	内部
client/src/admin/PaymentSettingsSection.tsx	178	内部
client/src/admin/PaymentSettingsSection.tsx	179	internal
client/src/admin/PaymentSettingsSection.tsx	183	内部
client/src/admin/PaymentSettingsSection.tsx	188	internal
client/src/admin/PaymentSettingsSection.tsx	190	internal
client/src/admin/PaymentSettingsSection.tsx	219	内部
client/src/admin/ui/DataTable.tsx	14	internal
client/src/api.admin.test.ts	233	internal
client/src/api.admin.test.ts	241	internal
client/src/api.admin.test.ts	256	internal
client/src/api.admin.ts	871	internal
client/src/api.test.ts	69	Internal
client/src/api.test.ts	694	Internal
client/src/api.test.ts	2119	DEV_USER
client/src/api.test.ts	2156	DEV_USER
client/src/api.test.ts	2157	DEV_USER
client/src/api.test.ts	2274	internal
client/src/api.test.ts	2301	internal,Internal
client/src/api.test.ts	2318	Internal
client/src/api.test.ts	2322	internal
client/src/api.ts	12	internal
client/src/api.ts	70	internal
client/src/api.ts	75	internal
client/src/api.ts	77	internal
client/src/api.ts	138	internal
client/src/api.ts	282	SQLite
client/src/api.ts	1192	Internal
client/src/api.ts	1194	internal
client/src/api.ts	1226	internal
client/src/api.ts	1300	内部
client/src/api.ts	1395	internal
client/src/api.ts	1401	内部
client/src/api.ts	2414	internal
client/src/api.ts	4362	DEV_USER
client/src/api.ts	4565	internal
client/src/api.ts	5143	internal
client/src/api.ts	5144	internal
client/src/customer/ActivationPage.test.tsx	27	internal
client/src/customer/ActivationPage.test.tsx	40	internal
client/src/customer/ActivationPage.test.tsx	42	内部
client/src/customer/CustomerRechargeDialog.test.tsx	43	internal
client/src/customer/CustomerRechargeDialog.test.tsx	125	internal
client/src/customer/CustomerRechargeDialog.tsx	297	internal
client/src/customer/CustomerRechargeDialog.tsx	311	internal
client/src/customer/CustomerWalletPanel.test.tsx	10	internal
client/src/customer/CustomerWalletPanel.tsx	25	internal
client/src/customer/CustomerWalletPanel.tsx	26	internal
client/src/customer/CustomerWalletPanel.tsx	319	internal
client/src/customer/CustomerWalletPanel.tsx	346	internal
client/src/customer/CustomerWalletPanel.tsx	387	internal
client/src/customer/CustomerWalletPanel.tsx	436	internal
client/src/customer/LoginPage.test.tsx	27	内部
client/src/customer/useCustomerSession.test.tsx	417	INTERNAL
client/src/customer/useCustomerSession.ts	627	INTERNAL
client/src/customerApi.test.ts	188	internal
client/src/internalBillingApi.test.ts	12	Internal
client/src/internalBillingApi.test.ts	21	internal
client/src/internalBillingApi.test.ts	23	Internal
client/src/internalBillingApi.test.ts	29	internal,Internal
client/src/internalBillingApi.test.ts	36	internal
client/src/internalBillingApi.test.ts	56	internal
client/src/internalBillingApi.test.ts	68	internal,Internal
client/src/internalBillingApi.test.ts	76	internal
client/src/internalBillingApi.test.ts	87	Internal
client/src/internalBillingApi.test.ts	88	DEV_USER
client/src/studio/LiveWorkspacePanel.tsx	180	内部
deploy/customer.env.example	4	sqlite
deploy/customer.env.example	5	CONTROL_PROXY,CONTROL_ADMIN_USER
deploy/customer.env.example	7	DESKTOP_USER
deploy/customer.env.example	68	SQLite,内部
deploy/customer.env.example	71	单机
deploy/customer.env.example	85	内部
deploy/internal-p0.env.example	1	internal
deploy/internal-p0.env.example	6	internal
deploy/internal-p0.env.example	8	DESKTOP_USER
deploy/internal-p0.env.example	15	CONTROL_PROXY
deploy/internal-p0.env.example	16	CONTROL_ADMIN_USER
deploy/internal-p0.env.example	20	internal
deploy/nginx/customer.conf.example	98	internal
deploy/nginx/customer.conf.example	110	internal
deploy/nginx/internal-p0.conf.example	1	Internal
deploy/nginx/internal-p0.conf.example	6	internal
deploy/nginx/internal-p0.conf.example	12	internal
deploy/nginx/internal-p0.conf.example	14	internal
deploy/nginx/internal-p0.conf.example	15	internal
deploy/nginx/internal-p0.conf.example	67	Internal
deploy/nginx/internal-p0.conf.example	80	Internal
deploy/postgres/README.md	81	internal,SQLite
deploy/postgres/migrate.sh	21	SQLite
deploy/systemd/video-replica-api.service	2	internal
deploy/systemd/video-replica-api.service	11	internal
deploy/systemd/video-replica-backup.service	1	Internal,SQLite
deploy/systemd/video-replica-backup.service	3	SQLite
deploy/systemd/video-replica-backup.timer	1	Internal,SQLite
deploy/systemd/video-replica-backup.timer	3	SQLite
deploy/systemd/video-replica-worker.service	2	internal
deploy/systemd/video-replica-worker.service	11	internal
scripts/customer_release_preflight.py	18	DEV_AUTH
scripts/customer_release_preflight.py	64	DEV_AUTH
scripts/customer_release_preflight.py	73	DESKTOP_USER
scripts/customer_release_preflight.py	74	DESKTOP_USER
scripts/p0_acceptance_evidence.py	68	internal
scripts/p0_acceptance_evidence.py	96	内部
scripts/p0_acceptance_evidence.py	171	internal
scripts/p0_acceptance_evidence.py	176	internal
server/app/activation_code_routes.py	41	internal,SQLite
server/app/activation_code_routes.py	830	SQLite
server/app/activation_code_routes.py	831	internal
server/app/admin_activation_routes.py	202	internal
server/app/admin_audit_routes.py	17	SQLite
server/app/admin_auth_routes.py	11	internal
server/app/admin_auth_routes.py	744	internal,SQLite
server/app/admin_customer_routes.py	24	internal
server/app/admin_customer_routes.py	28	internal,INTERNAL
server/app/admin_customer_routes.py	34	SQLite
server/app/admin_customer_routes.py	82	sqlite
server/app/admin_customer_routes.py	83	internal,SQLite
server/app/admin_customer_routes.py	150	INTERNAL
server/app/admin_customer_routes.py	161	INTERNAL
server/app/admin_customer_routes.py	232	internal
server/app/admin_customer_routes.py	258	internal
server/app/admin_customer_routes.py	456	internal
server/app/admin_customer_routes.py	464	internal
server/app/admin_customer_routes.py	981	sqlite
server/app/admin_rate_routes.py	12	SQLite
server/app/admin_runtime_routes.py	4	internal
server/app/admin_runtime_routes.py	5	internal
server/app/admin_runtime_routes.py	16	SQLite
server/app/admin_runtime_routes.py	80	internal
server/app/admin_runtime_routes.py	82	internal
server/app/admin_runtime_routes.py	103	internal
server/app/admin_runtime_routes.py	112	internal
server/app/admin_session_routes.py	7	SQLite
server/app/admin_write_contract.py	298	internal,SQLite
server/app/analysis.py	6	sqlite
server/app/analysis.py	561	sqlite
server/app/analysis.py	584	sqlite
server/app/analysis.py	620	sqlite
server/app/analysis.py	632	sqlite
server/app/analysis.py	652	sqlite
server/app/analysis.py	655	sqlite
server/app/analysis.py	702	sqlite
server/app/analysis.py	721	sqlite
server/app/analysis.py	731	sqlite
server/app/analysis.py	741	sqlite
server/app/analysis.py	802	sqlite
server/app/analysis.py	831	sqlite
server/app/analysis.py	843	sqlite
server/app/analysis_routes.py	4	sqlite
server/app/analysis_routes.py	559	sqlite
server/app/analysis_routes.py	899	sqlite
server/app/analysis_routes.py	903	sqlite
server/app/analysis_routes.py	906	sqlite
server/app/analysis_routes.py	954	sqlite
server/app/analysis_routes.py	971	sqlite
server/app/asr.py	103	内部
server/app/asr.py	341	internal
server/app/auth.py	18	DESKTOP_USER
server/app/auth.py	47	SQLite
server/app/auth.py	48	internal
server/app/auth.py	72	sqlite
server/app/auth.py	102	internal
server/app/auth.py	104	internal
server/app/auth.py	108	internal
server/app/auth.py	109	internal
server/app/auth.py	111	Internal
server/app/auth.py	113	internal
server/app/auth.py	114	internal
server/app/auth.py	118	internal
server/app/auth.py	119	internal
server/app/auth.py	120	internal
server/app/auth.py	122	internal
server/app/auth.py	129	internal
server/app/auth.py	135	internal
server/app/auth.py	139	internal
server/app/auth.py	199	internal
server/app/auth.py	212	internal
server/app/auth.py	222	DESKTOP_USER
server/app/auth.py	259	desktop_user,DESKTOP_USER
server/app/auth.py	260	desktop_user
server/app/auth.py	261	desktop_user
server/app/auth.py	268	internal
server/app/auth.py	272	DESKTOP_USER
server/app/backup.py	6	sqlite
server/app/backup.py	20	SQLite
server/app/backup.py	49	sqlite
server/app/backup.py	58	SQLite
server/app/backup.py	62	SQLite
server/app/backup.py	67	sqlite
server/app/backup.py	71	SQLite
server/app/backup.py	93	SQLite
server/app/backup.py	99	sqlite
server/app/backup.py	100	sqlite
server/app/backup.py	106	sqlite
server/app/backup.py	135	SQLite
server/app/backup.py	147	sqlite
server/app/backup.py	151	sqlite
server/app/backup.py	168	SQLite
server/app/backup.py	203	sqlite
server/app/backup.py	209	SQLite
server/app/backup.py	222	SQLite
server/app/backup.py	246	SQLite
server/app/backup.py	316	sqlite
server/app/backup.py	319	sqlite
server/app/backup.py	339	sqlite
server/app/backup.py	341	sqlite
server/app/backup.py	369	sqlite
server/app/backup.py	373	SQLite,sqlite
server/app/backup.py	377	SQLite
server/app/bootstrap.py	64	CONTROL_PROXY,CONTROL_ADMIN_USER
server/app/bootstrap.py	65	DEV_AUTH
server/app/bootstrap.py	244	internal
server/app/bootstrap.py	257	DEV_AUTH
server/app/bootstrap.py	266	DESKTOP_USER
server/app/bootstrap.py	268	DESKTOP_USER
server/app/bootstrap.py	435	internal
server/app/bootstrap.py	446	internal
server/app/bootstrap.py	528	sqlite
server/app/bootstrap.py	544	internal,SQLite
server/app/bootstrap.py	581	SQLite
server/app/bootstrap.py	605	SQLite
server/app/bootstrap.py	610	sqlite
server/app/character_asset_review.py	6	sqlite
server/app/character_asset_review.py	509	sqlite
server/app/character_asset_review.py	569	sqlite
server/app/character_asset_review.py	635	sqlite
server/app/character_asset_review.py	647	sqlite
server/app/character_asset_review.py	656	sqlite
server/app/character_asset_review.py	663	sqlite
server/app/character_asset_review.py	679	sqlite
server/app/character_asset_review.py	715	sqlite
server/app/character_identity.py	8	sqlite
server/app/character_identity.py	1007	sqlite
server/app/character_identity.py	1278	sqlite
server/app/character_identity.py	1285	sqlite
server/app/character_identity.py	1288	sqlite
server/app/character_identity.py	1295	sqlite
server/app/character_identity.py	1298	sqlite
server/app/character_identity.py	1305	sqlite
server/app/character_identity.py	1308	sqlite
server/app/character_identity.py	1333	sqlite
server/app/character_identity.py	1352	sqlite
server/app/character_identity.py	1405	sqlite
server/app/character_identity.py	1419	sqlite
server/app/character_identity.py	1426	sqlite
server/app/character_identity.py	1435	sqlite
server/app/character_identity.py	1444	sqlite
server/app/character_identity.py	1449	sqlite
server/app/character_identity.py	1453	sqlite
server/app/character_identity.py	1458	sqlite
server/app/character_identity.py	1512	sqlite
server/app/character_identity.py	1547	sqlite
server/app/character_identity.py	1594	sqlite
server/app/character_identity.py	1633	sqlite
server/app/character_identity.py	1744	sqlite
server/app/character_image_generation.py	5	sqlite
server/app/character_image_generation.py	277	sqlite
server/app/character_image_generation.py	340	sqlite
server/app/character_image_generation.py	475	sqlite
server/app/character_image_generation.py	517	sqlite
server/app/character_image_generation.py	576	sqlite
server/app/character_image_generation.py	821	sqlite
server/app/character_image_generation.py	867	sqlite
server/app/character_image_generation.py	868	sqlite
server/app/character_image_generation.py	890	sqlite
server/app/character_image_generation.py	935	sqlite
server/app/character_image_generation.py	1018	sqlite
server/app/character_image_generation.py	1056	sqlite
server/app/character_image_generation.py	1092	sqlite
server/app/character_image_generation.py	1178	sqlite
server/app/character_image_generation.py	1200	sqlite
server/app/character_image_generation.py	1233	sqlite
server/app/character_image_generation.py	1260	sqlite
server/app/character_image_generation.py	1279	sqlite
server/app/character_image_generation.py	1281	sqlite
server/app/character_image_generation.py	1294	sqlite
server/app/character_image_generation.py	1306	sqlite
server/app/character_image_generation.py	1335	sqlite
server/app/character_policy.py	6	internal,INTERNAL,内部
server/app/character_policy.py	64	INTERNAL
server/app/character_reference_matching.py	6	sqlite
server/app/character_reference_matching.py	176	sqlite
server/app/character_reference_matching.py	459	sqlite
server/app/character_reference_matching.py	474	sqlite
server/app/character_reference_matching.py	480	sqlite
server/app/character_reference_matching.py	499	sqlite
server/app/character_reference_matching.py	502	sqlite
server/app/character_reference_matching.py	633	sqlite
server/app/character_reference_matching.py	643	sqlite
server/app/character_reference_matching.py	650	sqlite
server/app/character_reference_matching.py	661	sqlite
server/app/character_reference_matching.py	664	sqlite
server/app/character_reference_matching.py	676	sqlite
server/app/characters.py	5	sqlite
server/app/characters.py	594	sqlite
server/app/control_auth.py	13	CONTROL_PROXY
server/app/control_auth.py	14	CONTROL_ADMIN_USER
server/app/control_auth.py	28	internal
server/app/control_auth.py	44	CONTROL_PROXY
server/app/control_auth.py	45	CONTROL_ADMIN_USER
server/app/control_auth.py	80	Internal
server/app/control_routes.py	10	sqlite
server/app/control_routes.py	206	internal
server/app/control_routes.py	214	internal
server/app/control_routes.py	462	internal
server/app/control_routes.py	476	INTERNAL
server/app/control_routes.py	502	internal
server/app/control_routes.py	505	internal
server/app/control_routes.py	506	internal
server/app/control_routes.py	507	internal
server/app/control_routes.py	1378	internal,SQLite
server/app/control_routes.py	1498	sqlite
server/app/control_routes.py	1586	sqlite
server/app/customer_device_routes.py	90	internal,SQLite
server/app/customer_device_service.py	39	SQLite
server/app/customer_fence.py	12	internal
server/app/customer_fence.py	110	internal
server/app/customer_fence.py	116	internal
server/app/customer_fence.py	117	internal
server/app/customer_fence.py	133	internal
server/app/customer_fence.py	355	internal,SQLite
server/app/customer_fence.py	356	internal
server/app/customer_fence.py	389	sqlite
server/app/customer_fence.py	400	Internal,SQLite
server/app/customer_fence.py	404	sqlite
server/app/customer_fence.py	436	internal
server/app/customer_fence.py	437	SQLite
server/app/customer_fence.py	439	SQLite
server/app/customer_fence.py	444	sqlite
server/app/customer_fence.py	453	Internal,SQLite
server/app/customer_fence.py	458	sqlite
server/app/db.py	3	sqlite
server/app/db.py	13	sqlite
server/app/db.py	18	sqlite
server/app/db.py	19	sqlite
server/app/db.py	26	sqlite
server/app/db.py	45	sqlite
server/app/db.py	49	sqlite
server/app/db.py	51	sqlite
server/app/db.py	52	sqlite
server/app/db_pg.py	5	SQLite
server/app/db_pg.py	10	internal,SQLite
server/app/db_pg.py	12	SQLite
server/app/db_pg.py	62	sqlite
server/app/db_pg.py	76	sqlite
server/app/db_pg.py	84	sqlite
server/app/db_pg.py	98	sqlite
server/app/db_pg.py	99	sqlite
server/app/db_pg.py	100	sqlite
server/app/db_pg.py	101	sqlite
server/app/db_pg.py	117	internal
server/app/db_pg.py	126	sqlite
server/app/db_pg.py	127	SQLite
server/app/db_pg.py	128	internal,SQLite
server/app/db_pg.py	133	sqlite
server/app/db_pg.py	135	sqlite
server/app/db_pg.py	136	sqlite
server/app/db_pg.py	139	sqlite
server/app/db_pg.py	144	sqlite
server/app/db_pg.py	161	SQLite
server/app/db_pg.py	162	internal
server/app/db_pg.py	171	SQLite
server/app/db_pg.py	274	SQLite
server/app/db_portable.py	6	internal,SQLite
server/app/db_portable.py	10	sqlite
server/app/db_portable.py	14	SQLite
server/app/db_portable.py	24	sqlite
server/app/db_portable.py	42	SQLite
server/app/db_portable.py	55	SQLite,sqlite
server/app/db_portable.py	67	sqlite
server/app/db_portable.py	68	SQLite
server/app/db_portable.py	71	SQLite
server/app/db_portable.py	74	SQLite
server/app/db_portable.py	82	SQLite
server/app/db_portable.py	147	SQLite
server/app/db_portable.py	149	SQLite
server/app/db_portable.py	165	SQLite
server/app/db_portable.py	182	SQLite
server/app/db_portable.py	184	SQLite
server/app/db_portable.py	201	sqlite
server/app/db_portable.py	202	sqlite
server/app/db_portable.py	214	SQLite
server/app/db_portable.py	215	sqlite
server/app/db_portable.py	217	sqlite
server/app/db_portable.py	220	sqlite
server/app/db_portable.py	221	sqlite
server/app/db_portable.py	224	sqlite
server/app/db_portable.py	231	sqlite
server/app/db_portable.py	250	sqlite
server/app/db_portable.py	299	sqlite
server/app/db_portable.py	304	SQLite
server/app/db_portable.py	323	sqlite
server/app/db_portable.py	326	SQLite
server/app/db_portable.py	331	SQLite
server/app/db_portable.py	335	sqlite
server/app/db_portable.py	340	SQLite
server/app/db_portable.py	344	sqlite
server/app/db_portable.py	345	SQLite
server/app/db_portable.py	351	sqlite
server/app/db_portable.py	353	SQLite
server/app/db_portable.py	354	sqlite
server/app/db_portable.py	357	SQLite
server/app/db_portable.py	361	SQLite
server/app/db_portable.py	368	SQLite
server/app/db_portable.py	373	sqlite
server/app/db_portable.py	375	SQLite
server/app/db_portable.py	379	SQLite
server/app/db_portable.py	384	SQLite
server/app/db_portable.py	388	sqlite
server/app/db_portable.py	389	SQLite
server/app/db_portable.py	393	sqlite
server/app/db_portable.py	394	SQLite
server/app/db_portable.py	399	sqlite
server/app/db_portable.py	404	SQLite
server/app/db_portable.py	412	SQLite
server/app/db_portable.py	415	SQLite
server/app/db_portable.py	428	sqlite
server/app/db_portable.py	434	sqlite
server/app/db_portable.py	435	SQLite
server/app/first_frame_routes.py	5	sqlite
server/app/first_frame_routes.py	460	sqlite
server/app/first_frame_routes.py	475	sqlite
server/app/first_frame_routes.py	497	sqlite
server/app/first_frames.py	9	sqlite
server/app/first_frames.py	1834	sqlite
server/app/first_frames.py	1875	sqlite
server/app/first_frames.py	1876	sqlite
server/app/first_frames.py	1992	sqlite
server/app/first_frames.py	1993	internal,SQLite
server/app/first_frames.py	2018	sqlite
server/app/first_frames.py	2034	sqlite
server/app/first_frames.py	2274	sqlite
server/app/first_frames.py	2432	sqlite
server/app/first_frames.py	2461	sqlite
server/app/first_frames.py	2464	sqlite
server/app/gate1_bootstrap.py	23	sqlite
server/app/gate1_bootstrap.py	47	INTERNAL
server/app/gate1_bootstrap.py	75	desktop_user
server/app/gate1_e2e.py	433	DESKTOP_USER
server/app/gate1_e2e.py	469	sqlite
server/app/gate1_e2e.py	729	SQLite
server/app/generation.py	13	sqlite
server/app/generation.py	42	internal
server/app/generation.py	45	internal
server/app/generation.py	46	internal
server/app/generation.py	862	sqlite
server/app/generation.py	864	sqlite
server/app/generation.py	882	sqlite
server/app/generation.py	917	sqlite
server/app/generation.py	999	sqlite
server/app/generation.py	1068	sqlite
server/app/generation.py	1148	sqlite
server/app/generation.py	1421	sqlite
server/app/generation.py	1508	sqlite
server/app/generation.py	1609	sqlite
server/app/generation.py	1632	sqlite
server/app/generation.py	1689	sqlite
server/app/generation.py	1748	sqlite
server/app/generation.py	1757	sqlite
server/app/generation.py	1795	internal
server/app/generation.py	2152	sqlite
server/app/generation.py	2629	sqlite
server/app/generation.py	2656	sqlite
server/app/generation.py	3009	sqlite
server/app/generation.py	3024	sqlite
server/app/generation.py	3068	SQLite
server/app/generation.py	3070	SQLite
server/app/generation.py	3538	sqlite
server/app/generation.py	3580	sqlite
server/app/generation.py	3591	sqlite
server/app/generation.py	3661	sqlite
server/app/generation.py	3870	internal
server/app/generation.py	3907	internal
server/app/generation.py	3998	sqlite
server/app/generation.py	4011	sqlite
server/app/generation.py	4018	sqlite
server/app/generation.py	4020	sqlite
server/app/generation.py	4039	sqlite
server/app/generation.py	4052	sqlite
server/app/generation.py	4222	sqlite
server/app/generation.py	4357	internal
server/app/generation.py	4397	internal
server/app/generation.py	4457	internal
server/app/generation.py	4497	SQLite
server/app/generation.py	4507	SQLite
server/app/generation.py	4509	sqlite
server/app/generation.py	4510	SQLite
server/app/generation.py	4538	SQLite
server/app/generation.py	4562	SQLite
server/app/generation.py	4590	SQLite
server/app/generation.py	4635	SQLite
server/app/generation.py	4738	SQLite
server/app/generation.py	4740	SQLite
server/app/generation.py	5183	internal
server/app/generation.py	5285	internal
server/app/generation.py	5327	internal
server/app/generation.py	5367	internal
server/app/generation.py	6054	internal
server/app/generation.py	6134	internal
server/app/generation.py	6559	sqlite
server/app/generation.py	6803	SQLite
server/app/generation.py	6958	sqlite
server/app/generation.py	6971	sqlite
server/app/generation.py	7020	sqlite
server/app/generation.py	7128	sqlite
server/app/generation_routes.py	7	sqlite
server/app/generation_routes.py	240	sqlite
server/app/generation_routes.py	641	sqlite
server/app/generation_routes.py	657	sqlite
server/app/generation_routes.py	693	internal
server/app/generation_routes.py	893	sqlite
server/app/generation_worker.py	296	sqlite
server/app/generation_worker.py	343	SQLite
server/app/generation_worker.py	349	sqlite
server/app/generation_worker.py	1330	sqlite
server/app/generation_worker.py	1337	sqlite
server/app/generation_worker.py	1353	sqlite
server/app/generation_worker.py	1370	sqlite
server/app/generation_worker.py	1447	SQLite
server/app/generation_worker.py	1492	sqlite
server/app/generation_worker.py	1498	sqlite
server/app/image_tasks.py	13	sqlite
server/app/image_tasks.py	111	sqlite
server/app/image_tasks.py	245	sqlite
server/app/image_tasks.py	282	sqlite
server/app/image_tasks.py	315	sqlite
server/app/image_tasks.py	370	sqlite
server/app/image_tasks.py	389	sqlite
server/app/image_tasks.py	419	sqlite
server/app/image_tasks.py	430	sqlite
server/app/image_tasks.py	470	sqlite
server/app/image_tasks.py	839	sqlite
server/app/image_tasks.py	946	sqlite
server/app/image_tasks.py	952	sqlite
server/app/image_tasks.py	1160	sqlite
server/app/image_tasks.py	1164	sqlite
server/app/image_tasks.py	1173	sqlite
server/app/image_tasks.py	1175	sqlite
server/app/image_tasks.py	1191	sqlite
server/app/image_tasks.py	1193	sqlite
server/app/image_tasks.py	1221	sqlite
server/app/image_tasks.py	1231	sqlite
server/app/image_tasks.py	1240	sqlite
server/app/independent.py	20	sqlite
server/app/independent.py	115	sqlite
server/app/independent.py	116	sqlite
server/app/independent.py	386	sqlite
server/app/independent.py	387	SQLite
server/app/internal_accounts.py	67	internal
server/app/internal_accounts.py	79	internal
server/app/internal_accounts.py	91	internal
server/app/internal_accounts.py	95	internal
server/app/internal_accounts.py	111	sqlite
server/app/internal_billing.py	17	Internal
server/app/internal_billing.py	21	Internal
server/app/internal_billing.py	25	Internal
server/app/internal_billing.py	134	internal
server/app/internal_billing.py	657	internal
server/app/internal_billing.py	695	internal
server/app/internal_billing.py	794	internal
server/app/internal_billing.py	808	internal
server/app/main.py	80	internal
server/app/main.py	101	internal,SQLite
server/app/main.py	106	internal
server/app/main.py	107	SQLite
server/app/main.py	110	internal
server/app/main.py	132	SQLite
server/app/main.py	180	internal
server/app/main.py	385	internal
server/app/media.py	6	sqlite
server/app/media.py	433	sqlite
server/app/media.py	540	sqlite
server/app/media_routes.py	149	单机
server/app/media_routes.py	209	internal
server/app/media_routes.py	398	sqlite
server/app/ops_metrics.py	467	Internal
server/app/oral.py	9	internal
server/app/oral.py	30	internal
server/app/oral_routes.py	23	internal
server/app/oral_worker.py	26	internal
server/app/oral_worker.py	96	internal
server/app/oral_worker.py	381	SQLite
server/app/payment_routes.py	6	sqlite
server/app/payment_routes.py	89	sqlite
server/app/payment_routes.py	100	内部
server/app/payment_routes.py	208	sqlite
server/app/permissions.py	6	sqlite
server/app/permissions.py	235	sqlite
server/app/permissions.py	251	sqlite
server/app/permissions.py	262	sqlite
server/app/permissions.py	283	sqlite
server/app/permissions.py	322	sqlite
server/app/permissions.py	325	sqlite
server/app/permissions.py	332	sqlite
server/app/permissions.py	339	sqlite
server/app/permissions.py	352	sqlite
server/app/permissions.py	363	sqlite
server/app/permissions.py	375	sqlite
server/app/permissions.py	403	sqlite
server/app/permissions.py	418	sqlite
server/app/permissions.py	427	sqlite
server/app/permissions.py	466	sqlite
server/app/permissions.py	475	sqlite
server/app/permissions.py	492	sqlite
server/app/permissions.py	493	sqlite
server/app/permissions.py	502	sqlite
server/app/project_character_selection.py	5	sqlite
server/app/project_character_selection.py	104	sqlite
server/app/project_character_selection.py	241	sqlite
server/app/project_character_selection.py	258	sqlite
server/app/project_character_selection.py	259	sqlite
server/app/project_character_selection.py	336	sqlite
server/app/rbac_routes.py	9	sqlite
server/app/rbac_routes.py	146	sqlite
server/app/rbac_routes.py	215	sqlite
server/app/rbac_routes.py	261	sqlite
server/app/rbac_routes.py	325	sqlite
server/app/rbac_routes.py	815	sqlite
server/app/rbac_routes.py	817	sqlite
server/app/rbac_routes.py	1152	sqlite
server/app/rbac_routes.py	1163	sqlite
server/app/rbac_routes.py	1204	sqlite
server/app/recharge_routes.py	4	sqlite
server/app/recharge_routes.py	146	internal
server/app/recharge_routes.py	199	INTERNAL
server/app/recharge_routes.py	231	internal
server/app/recharge_routes.py	254	SQLite
server/app/recharge_routes.py	258	SQLite
server/app/recharge_routes.py	279	internal
server/app/recharge_routes.py	301	INTERNAL
server/app/recharge_routes.py	307	sqlite
server/app/recharge_routes.py	343	internal
server/app/recharge_routes.py	455	sqlite
server/app/recharge_routes.py	544	internal
server/app/recharge_routes.py	834	internal
server/app/recharge_routes.py	874	internal
server/app/recharge_routes.py	978	sqlite
server/app/script_from_audio.py	16	sqlite
server/app/script_from_audio.py	82	sqlite
server/app/script_from_audio.py	150	sqlite
server/app/script_from_audio.py	200	sqlite
server/app/script_from_audio.py	216	sqlite
server/app/script_from_audio.py	266	sqlite
server/app/script_from_audio.py	334	sqlite
server/app/script_from_audio.py	341	sqlite
server/app/script_from_audio.py	509	sqlite
server/app/script_from_audio.py	516	sqlite
server/app/script_from_audio.py	521	sqlite
server/app/script_from_audio.py	530	sqlite
server/app/script_rewrite.py	13	sqlite
server/app/script_rewrite.py	278	sqlite
server/app/script_rewrite.py	351	sqlite
server/app/script_rewrite.py	432	sqlite
server/app/script_rewrite.py	436	sqlite
server/app/script_rewrite.py	440	sqlite
server/app/script_rewrite.py	655	sqlite
server/app/script_rewrite.py	666	sqlite
server/app/script_rewrite.py	675	sqlite
server/app/script_rewrite.py	701	sqlite
server/app/script_rewrite.py	706	sqlite
server/app/script_rewrite.py	719	sqlite
server/app/security_rate_limit.py	144	internal
server/app/settings.py	57	internal
server/app/settings.py	211	SQLite
server/app/settings.py	214	sqlite
server/app/settings.py	264	SQLite
server/app/settings.py	292	internal
server/app/settings.py	298	internal
server/app/settings.py	306	internal
server/app/settings.py	314	internal
server/app/settings.py	325	internal
server/app/settings.py	332	internal
server/app/settings.py	334	internal
server/app/settings.py	437	internal
server/app/settings.py	442	internal
server/app/settings.py	448	internal
server/app/settings.py	449	internal
server/app/settings.py	456	internal
server/app/settings.py	457	internal
server/app/settings_routes.py	44	SQLite
server/app/settings_routes.py	49	internal
server/app/settings_routes.py	372	internal
server/app/settings_routes.py	389	internal
server/app/settings_routes.py	481	INTERNAL
server/app/settings_routes.py	483	内部
server/app/simple_character.py	14	sqlite
server/app/simple_character.py	68	internal
server/app/simple_character.py	69	internal
server/app/simple_character.py	469	SQLite
server/app/simple_character.py	746	sqlite
server/app/simple_character.py	764	sqlite
server/app/simple_character.py	777	sqlite
server/app/simple_character.py	778	sqlite
server/app/simple_character.py	1083	SQLite
server/app/simple_character.py	1435	sqlite
server/app/simple_character.py	2137	internal
server/app/simple_character.py	2147	internal
server/app/simple_character.py	2148	internal
server/app/simple_character.py	2149	internal
server/app/simple_character.py	2167	internal
server/app/simple_character.py	2179	internal
server/app/simple_character_routes.py	8	sqlite
server/app/simple_character_routes.py	972	sqlite
server/app/source_frame_routes.py	5	sqlite
server/app/source_frame_routes.py	257	sqlite
server/app/source_frame_routes.py	272	sqlite
server/app/source_frames.py	7	sqlite
server/app/source_frames.py	47	sqlite
server/app/source_frames.py	259	sqlite
server/app/source_frames.py	484	sqlite
server/app/source_frames.py	538	sqlite
server/app/source_frames.py	556	sqlite
server/app/source_frames.py	590	sqlite
server/app/source_frames.py	602	sqlite
server/app/source_frames.py	651	sqlite
server/app/source_frames.py	753	sqlite
server/app/source_frames.py	821	sqlite
server/app/source_frames.py	832	sqlite
server/app/source_frames.py	840	sqlite
server/app/source_frames.py	891	sqlite
server/app/source_frames.py	899	sqlite
server/app/source_frames.py	901	sqlite
server/app/source_frames.py	917	sqlite
server/app/source_frames.py	986	sqlite
server/app/source_frames.py	1069	sqlite
server/app/source_frames.py	1081	sqlite
server/app/studio_drafts.py	14	sqlite
server/app/studio_drafts.py	295	sqlite
server/app/studio_drafts.py	305	sqlite
server/app/studio_routes.py	166	SQLite
server/app/viral_media.py	247	内部
server/app/viral_routes.py	191	sqlite
server/app/viral_routes.py	203	SQLite,单机
server/app/viral_routes.py	546	单机
server/app/viral_store.py	9	SQLite,sqlite
server/app/wallet_routes.py	19	internal
server/app/wallet_routes.py	65	internal
server/app/wallet_routes.py	74	internal
server/app/wallet_routes.py	79	internal
server/app/wallet_routes.py	83	internal
server/app/wallet_routes.py	84	internal
server/app/wallet_routes.py	86	internal
server/app/wallet_routes.py	87	internal
server/app/zpay.py	180	内部
server/app/zpay_payments.py	3	sqlite
server/app/zpay_payments.py	38	sqlite
server/app/zpay_payments.py	40	sqlite
server/app/zpay_payments.py	54	sqlite
server/app/zpay_payments.py	75	sqlite
server/app/zpay_payments.py	210	sqlite
server/migrations/env.py	51	sqlite
server/migrations/env.py	52	SQLite
server/migrations/env.py	53	sqlite
server/migrations/env.py	64	SQLite
server/migrations/env.py	68	SQLite
server/migrations/env.py	108	sqlite
server/migrations/versions/007_local_storage_provider.py	23	SQLite
server/migrations/versions/009_idempotency_project_scope.py	61	SQLite
server/migrations/versions/009_idempotency_project_scope.py	63	SQLite
server/migrations/versions/012_character_domain.py	272	sqlite
server/migrations/versions/014_character_image_generation.py	13	SQLite
server/migrations/versions/014_character_image_generation.py	14	SQLite
server/migrations/versions/014_character_image_generation.py	52	SQLite
server/migrations/versions/017_generation_task_retry_lineage.py	117	sqlite
server/migrations/versions/019_character_simple_upload.py	13	SQLite
server/migrations/versions/022_internal_billing.py	6	internal
server/migrations/versions/022_internal_billing.py	25	internal
server/migrations/versions/022_internal_billing.py	41	internal
server/migrations/versions/022_internal_billing.py	54	internal
server/migrations/versions/022_internal_billing.py	55	internal
server/migrations/versions/022_internal_billing.py	88	INTERNAL
server/migrations/versions/022_internal_billing.py	103	INTERNAL
server/migrations/versions/022_internal_billing.py	140	sqlite
server/migrations/versions/022_internal_billing.py	187	sqlite
server/migrations/versions/022_internal_billing.py	195	sqlite
server/migrations/versions/022_internal_billing.py	203	sqlite
server/migrations/versions/022_internal_billing.py	215	internal
server/migrations/versions/022_internal_billing.py	216	internal
server/migrations/versions/022_internal_billing.py	219	internal
server/migrations/versions/023_zpay_provider.py	6	internal
server/migrations/versions/025_postgres_runtime_compatibility.py	4	sqlite
server/migrations/versions/025_postgres_runtime_compatibility.py	8	internal
server/migrations/versions/025_postgres_runtime_compatibility.py	15	SQLite
server/migrations/versions/025_postgres_runtime_compatibility.py	36	SQLite,sqlite
server/migrations/versions/026_customer_security_and_billing.py	3	internal
server/migrations/versions/026_customer_security_and_billing.py	4	INTERNAL
server/migrations/versions/026_customer_security_and_billing.py	5	internal
server/migrations/versions/026_customer_security_and_billing.py	7	internal
server/migrations/versions/026_customer_security_and_billing.py	21	internal
server/migrations/versions/026_customer_security_and_billing.py	33	internal,SQLite
server/migrations/versions/026_customer_security_and_billing.py	35	INTERNAL
server/migrations/versions/026_customer_security_and_billing.py	53	INTERNAL
server/migrations/versions/026_customer_security_and_billing.py	55	internal
server/migrations/versions/026_customer_security_and_billing.py	59	INTERNAL
server/migrations/versions/026_customer_security_and_billing.py	77	internal
server/migrations/versions/026_customer_security_and_billing.py	79	INTERNAL
server/migrations/versions/026_customer_security_and_billing.py	109	internal,SQLite
server/migrations/versions/026_customer_security_and_billing.py	110	INTERNAL
server/migrations/versions/026_customer_security_and_billing.py	186	INTERNAL
server/migrations/versions/026_customer_security_and_billing.py	188	INTERNAL
server/migrations/versions/026_customer_security_and_billing.py	194	INTERNAL
server/migrations/versions/026_customer_security_and_billing.py	201	INTERNAL
server/migrations/versions/026_customer_security_and_billing.py	215	INTERNAL
server/migrations/versions/027_activation_code_catalog.py	44	internal,SQLite
server/migrations/versions/027_activation_code_catalog.py	115	internal,SQLite
server/migrations/versions/028_customer_devices_and_activations.py	41	internal,SQLite
server/migrations/versions/028_customer_devices_and_activations.py	81	internal,SQLite
server/migrations/versions/029_customer_sessions_and_idempotency.py	28	internal,SQLite
server/migrations/versions/029_customer_sessions_and_idempotency.py	98	internal,SQLite
server/migrations/versions/031_admin_write_idempotency.py	51	internal,SQLite
server/migrations/versions/031_admin_write_idempotency.py	72	internal,SQLite
server/migrations/versions/032_security_rate_limits.py	18	SQLite
server/migrations/versions/032_security_rate_limits.py	19	internal
server/migrations/versions/032_security_rate_limits.py	69	internal,SQLite
server/migrations/versions/033_batch_creation_audit.py	24	internal,SQLite
server/migrations/versions/033_batch_creation_audit.py	45	internal,SQLite
server/migrations/versions/034_device_fingerprint_canonical.py	28	internal,SQLite
server/migrations/versions/034_device_fingerprint_canonical.py	48	internal,SQLite
server/migrations/versions/035_export_ciphertext_purge.py	23	internal,SQLite
server/migrations/versions/035_export_ciphertext_purge.py	43	internal,SQLite
server/migrations/versions/036_low_review_constraint_guards.py	6	internal
server/migrations/versions/036_low_review_constraint_guards.py	28	internal,SQLite
server/migrations/versions/037_device_pairing_requests.py	42	internal,SQLite
server/migrations/versions/037_device_pairing_requests.py	91	internal,SQLite
server/migrations/versions/038_admin_device_operations.py	24	internal,SQLite
server/migrations/versions/038_admin_device_operations.py	108	internal,SQLite
server/migrations/versions/039_admin_adjustments.py	16	internal,SQLite
server/migrations/versions/039_admin_adjustments.py	51	internal,SQLite
server/migrations/versions/040_fix_provider_settings_constraint.py	40	SQLite
server/migrations/versions/041_user_fair_queue.py	37	SQLite
server/migrations/versions/041_user_fair_queue.py	55	internal,SQLite
server/migrations/versions/042_t37_observability_indexes.py	41	internal,SQLite
server/migrations/versions/042_t37_observability_indexes.py	99	SQLite
server/migrations/versions/044_customer_unit_prices.py	6	internal
server/migrations/versions/044_customer_unit_prices.py	84	internal
server/migrations/versions/044_customer_unit_prices.py	90	INTERNAL
server/migrations/versions/045_async_analysis_tasks.py	94	sqlite
server/migrations/versions/046_async_image_tasks.py	107	sqlite
server/migrations/versions/046_async_image_tasks.py	187	sqlite
server/migrations/versions/047_async_source_frame_tasks.py	105	sqlite
server/migrations/versions/048_async_script_rewrite_tasks.py	91	sqlite
server/migrations/versions/054_admin_free_grant_adjustments.py	41	internal,SQLite
server/migrations/versions/056_operation_cost_rates.py	14	SQLite,内部
server/migrations/versions/056_operation_cost_rates.py	44	internal,SQLite
server/migrations/versions/057_second_based_billing.py	16	SQLite
server/migrations/versions/057_second_based_billing.py	106	sqlite
server/migrations/versions/057_second_based_billing.py	114	sqlite
server/migrations/versions/057_second_based_billing.py	122	sqlite
server/migrations/versions/057_second_based_billing.py	127	sqlite
server/migrations/versions/057_second_based_billing.py	141	sqlite
server/migrations/versions/057_second_based_billing.py	142	sqlite
server/migrations/versions/057_second_based_billing.py	161	sqlite
server/migrations/versions/057_second_based_billing.py	163	sqlite
server/migrations/versions/058_daily_external_prices.py	25	internal,SQLite
server/migrations/versions/063_wallet_ledger_sequence.py	43	sqlite
server/migrations/versions/063_wallet_ledger_sequence.py	92	sqlite
server/migrations/versions/063_wallet_ledger_sequence.py	144	sqlite
server/migrations/versions/065_oral_domain.py	5	internal
server/migrations/versions/073_oral_durable_billing.py	49	SQLite
server/migrations/versions/073_oral_durable_billing.py	92	sqlite
server/migrations/versions/073_oral_durable_billing.py	93	sqlite
server/migrations/versions/073_oral_durable_billing.py	143	sqlite
server/migrations/versions/073_oral_durable_billing.py	149	sqlite
server/migrations/versions/073_oral_durable_billing.py	157	sqlite
server/migrations/versions/073_oral_durable_billing.py	336	sqlite
server/migrations/versions/075_independent_creation.py	30	SQLite
server/migrations/versions/075_independent_creation.py	73	sqlite
server/migrations/versions/075_independent_creation.py	74	sqlite
server/migrations/versions/075_independent_creation.py	93	sqlite
server/migrations/versions/075_independent_creation.py	103	sqlite
server/migrations/versions/075_independent_creation.py	143	sqlite
server/pyproject.toml	4	Internal
server/scripts/__init__.py	1	SQLite
server/scripts/reconcile_customer_billing.py	1	SQLite
server/scripts/reconcile_customer_billing.py	13	sqlite
server/scripts/reconcile_customer_billing.py	28	sqlite
server/scripts/reconcile_customer_billing.py	41	SQLite
server/scripts/reconcile_customer_billing.py	93	SQLite
server/scripts/reconcile_customer_billing.py	107	sqlite
server/scripts/reconcile_customer_billing.py	278	sqlite
server/scripts/reconcile_customer_billing.py	282	sqlite
server/scripts/reconcile_customer_billing.py	286	sqlite
server/scripts/reconcile_customer_billing.py	291	sqlite
server/scripts/reconcile_customer_billing.py	297	sqlite
server/scripts/reconcile_customer_billing.py	301	sqlite
server/scripts/reconcile_customer_billing.py	308	sqlite
server/scripts/reconcile_customer_billing.py	309	sqlite
server/scripts/reconcile_customer_billing.py	313	sqlite
server/scripts/reconcile_customer_billing.py	314	sqlite
server/scripts/reconcile_customer_billing.py	338	sqlite
server/scripts/reconcile_customer_billing.py	339	sqlite
server/scripts/reconcile_customer_billing.py	485	sqlite
server/scripts/reconcile_customer_billing.py	486	sqlite
server/scripts/reconcile_customer_billing.py	491	sqlite
server/scripts/reconcile_customer_billing.py	492	sqlite
server/scripts/reconcile_customer_billing.py	524	sqlite
server/scripts/reconcile_customer_billing.py	537	sqlite
server/scripts/reconcile_customer_billing.py	546	sqlite
server/scripts/reconcile_customer_billing.py	547	sqlite
server/scripts/reconcile_customer_billing.py	548	sqlite
server/scripts/reconcile_customer_billing.py	568	sqlite
server/scripts/reconcile_customer_billing.py	573	sqlite
server/scripts/reconcile_customer_billing.py	601	sqlite
server/scripts/reconcile_customer_billing.py	605	sqlite
server/scripts/reconcile_customer_billing.py	651	sqlite
server/scripts/reconcile_customer_billing.py	660	sqlite
server/scripts/reconcile_customer_billing.py	662	sqlite
server/scripts/reconcile_customer_billing.py	733	sqlite
server/scripts/reconcile_customer_billing.py	802	sqlite
server/scripts/reconcile_customer_billing.py	880	sqlite
server/scripts/reconcile_customer_billing.py	922	sqlite
server/scripts/reconcile_customer_billing.py	923	sqlite
server/scripts/reconcile_customer_billing.py	929	SQLite
server/scripts/reconcile_customer_billing.py	939	sqlite
server/scripts/reconcile_customer_billing.py	941	sqlite
server/scripts/reconcile_customer_billing.py	942	sqlite
server/scripts/reconcile_customer_billing.py	1072	sqlite
server/scripts/reconcile_customer_billing.py	1073	sqlite
server/scripts/reconcile_customer_billing.py	1075	sqlite
server/scripts/reconcile_customer_billing.py	1082	sqlite
server/scripts/reconcile_customer_billing.py	1087	sqlite
server/scripts/reconcile_customer_billing.py	1089	sqlite
server/scripts/reconcile_customer_billing.py	1090	sqlite
server/scripts/reconcile_customer_billing.py	1102	sqlite
server/scripts/reconcile_customer_billing.py	1142	sqlite
server/scripts/reconcile_customer_billing.py	1145	sqlite
server/scripts/reconcile_customer_billing.py	1146	sqlite
server/scripts/reconcile_customer_billing.py	1147	sqlite
server/scripts/reconcile_customer_billing.py	1157	sqlite
server/scripts/reconcile_customer_billing.py	1160	sqlite
server/scripts/reconcile_customer_billing.py	1193	sqlite
server/scripts/reconcile_customer_billing.py	1197	sqlite
server/scripts/reconcile_customer_billing.py	1203	sqlite
server/scripts/reconcile_customer_billing.py	1206	sqlite
server/scripts/reconcile_customer_billing.py	1208	sqlite
server/scripts/reconcile_customer_billing.py	1212	SQLite
server/scripts/reconcile_customer_billing.py	1213	SQLite,sqlite
server/scripts/reconcile_customer_billing.py	1219	sqlite
server/scripts/reconcile_dangling_billing_reservations.py	21	internal
server/scripts/sqlite_to_postgres.py	1	SQLite
server/scripts/sqlite_to_postgres.py	4	SQLite
server/scripts/sqlite_to_postgres.py	14	sqlite
server/scripts/sqlite_to_postgres.py	40	sqlite
server/scripts/sqlite_to_postgres.py	42	sqlite
server/scripts/sqlite_to_postgres.py	135	sqlite
server/scripts/sqlite_to_postgres.py	152	sqlite
server/scripts/sqlite_to_postgres.py	155	sqlite
server/scripts/sqlite_to_postgres.py	161	SQLite
server/scripts/sqlite_to_postgres.py	197	sqlite
server/scripts/sqlite_to_postgres.py	200	sqlite
server/scripts/sqlite_to_postgres.py	222	sqlite
server/scripts/sqlite_to_postgres.py	241	sqlite
server/scripts/sqlite_to_postgres.py	242	sqlite
server/scripts/sqlite_to_postgres.py	291	sqlite
server/scripts/sqlite_to_postgres.py	296	sqlite
server/scripts/sqlite_to_postgres.py	322	SQLite
server/scripts/sqlite_to_postgres.py	341	SQLite
server/scripts/sqlite_to_postgres.py	345	SQLite
server/scripts/sqlite_to_postgres.py	351	sqlite
server/scripts/sqlite_to_postgres.py	352	sqlite
server/scripts/sqlite_to_postgres.py	356	sqlite
server/scripts/sqlite_to_postgres.py	359	sqlite
server/scripts/sqlite_to_postgres.py	368	sqlite
server/scripts/sqlite_to_postgres.py	405	sqlite
server/scripts/sqlite_to_postgres.py	529	SQLite
server/scripts/sqlite_to_postgres.py	533	SQLite
server/scripts/sqlite_to_postgres.py	550	sqlite
server/scripts/sqlite_to_postgres.py	551	sqlite
server/scripts/sqlite_to_postgres.py	555	sqlite
server/scripts/sqlite_to_postgres.py	557	sqlite
server/scripts/sqlite_to_postgres.py	559	sqlite
server/scripts/sqlite_to_postgres.py	571	sqlite
server/scripts/sqlite_to_postgres.py	572	sqlite
server/scripts/sqlite_to_postgres.py	583	sqlite
server/scripts/sqlite_to_postgres.py	599	sqlite
server/scripts/sqlite_to_postgres.py	607	sqlite
server/scripts/sqlite_to_postgres.py	630	SQLite
server/scripts/sqlite_to_postgres.py	631	SQLite,sqlite
server/scripts/sqlite_to_postgres.py	649	SQLite
server/scripts/sqlite_to_postgres.py	666	sqlite
server/scripts/sqlite_to_postgres.py	667	sqlite
server/tests/conftest.py	17	DESKTOP_USER
server/tests/test_activation_code_routes.py	21	SQLite
server/tests/test_activation_code_routes.py	373	internal
server/tests/test_activation_code_routes.py	635	sqlite
server/tests/test_activation_code_routes.py	644	sqlite
server/tests/test_activation_code_routes.py	645	sqlite
server/tests/test_activation_code_schema.py	790	internal
server/tests/test_admin_audit_routes.py	119	internal
server/tests/test_admin_auth.py	93	internal
server/tests/test_admin_auth.py	95	DESKTOP_USER
server/tests/test_admin_auth.py	98	CONTROL_PROXY
server/tests/test_admin_auth.py	99	CONTROL_ADMIN_USER
server/tests/test_admin_auth.py	264	Internal
server/tests/test_admin_auth.py	270	DESKTOP_USER
server/tests/test_admin_auth.py	272	CONTROL_PROXY
server/tests/test_admin_auth.py	273	CONTROL_ADMIN_USER
server/tests/test_admin_auth.py	282	CONTROL_PROXY
server/tests/test_admin_auth.py	283	CONTROL_ADMIN_USER
server/tests/test_admin_auth.py	287	DESKTOP_USER
server/tests/test_admin_auth.py	356	CONTROL_ADMIN_USER
server/tests/test_admin_auth.py	365	CONTROL_ADMIN_USER
server/tests/test_admin_auth.py	421	CONTROL_PROXY
server/tests/test_admin_auth.py	422	CONTROL_ADMIN_USER
server/tests/test_admin_auth.py	540	internal
server/tests/test_admin_auth.py	604	Internal
server/tests/test_admin_auth.py	1134	internal
server/tests/test_admin_auth.py	1273	internal
server/tests/test_admin_auth.py	1279	internal
server/tests/test_admin_auth.py	1297	sqlite
server/tests/test_admin_auth.py	1299	SQLite
server/tests/test_admin_auth.py	1305	sqlite
server/tests/test_admin_auth.py	1315	internal
server/tests/test_admin_auth.py	1340	internal
server/tests/test_admin_auth.py	1341	internal
server/tests/test_admin_customer_routes.py	26	internal
server/tests/test_admin_customer_routes.py	30	internal
server/tests/test_admin_customer_routes.py	31	INTERNAL
server/tests/test_admin_customer_routes.py	44	SQLite
server/tests/test_admin_customer_routes.py	100	internal,INTERNAL
server/tests/test_admin_customer_routes.py	212	internal
server/tests/test_admin_customer_routes.py	220	internal,Internal,INTERNAL
server/tests/test_admin_customer_routes.py	226	INTERNAL
server/tests/test_admin_customer_routes.py	231	INTERNAL
server/tests/test_admin_customer_routes.py	239	INTERNAL
server/tests/test_admin_customer_routes.py	265	internal
server/tests/test_admin_customer_routes.py	444	INTERNAL
server/tests/test_admin_customer_routes.py	498	INTERNAL
server/tests/test_admin_customer_routes.py	550	INTERNAL
server/tests/test_admin_customer_routes.py	628	internal
server/tests/test_admin_customer_routes.py	635	INTERNAL
server/tests/test_admin_customer_routes.py	639	内部
server/tests/test_admin_customer_routes.py	640	internal
server/tests/test_admin_customer_routes.py	644	INTERNAL
server/tests/test_admin_customer_routes.py	646	INTERNAL
server/tests/test_admin_customer_routes.py	647	internal
server/tests/test_admin_customer_routes.py	648	INTERNAL
server/tests/test_admin_customer_routes.py	839	INTERNAL
server/tests/test_admin_customer_routes.py	905	INTERNAL
server/tests/test_admin_customer_routes.py	951	internal
server/tests/test_admin_customer_routes.py	962	internal
server/tests/test_admin_customer_routes.py	1174	INTERNAL
server/tests/test_admin_customer_routes.py	1178	INTERNAL
server/tests/test_admin_customer_routes.py	1682	INTERNAL
server/tests/test_admin_customer_routes.py	1683	internal
server/tests/test_admin_customer_routes.py	1686	内部
server/tests/test_admin_session_routes.py	166	internal
server/tests/test_analysis.py	4	sqlite
server/tests/test_analysis.py	55	SQLite
server/tests/test_analysis.py	60	sqlite
server/tests/test_analysis.py	73	sqlite
server/tests/test_analysis.py	456	sqlite
server/tests/test_analysis.py	475	sqlite
server/tests/test_analysis.py	549	sqlite
server/tests/test_analysis.py	586	sqlite
server/tests/test_analysis.py	605	sqlite
server/tests/test_analysis.py	650	sqlite
server/tests/test_analysis.py	709	sqlite
server/tests/test_analysis.py	771	sqlite
server/tests/test_analysis.py	841	sqlite
server/tests/test_analysis.py	866	sqlite
server/tests/test_analysis.py	1077	sqlite
server/tests/test_analysis.py	1141	sqlite
server/tests/test_analysis.py	1180	sqlite
server/tests/test_analysis.py	1211	sqlite
server/tests/test_analysis.py	1241	sqlite
server/tests/test_analysis.py	1266	sqlite
server/tests/test_analysis.py	1290	sqlite
server/tests/test_async_compat.py	66	internal
server/tests/test_build_contracts.py	144	internal
server/tests/test_build_contracts.py	202	DESKTOP_USER
server/tests/test_build_contracts.py	245	DESKTOP_USER
server/tests/test_build_contracts.py	297	DESKTOP_USER
server/tests/test_character_asset_review.py	62	sqlite
server/tests/test_character_asset_review.py	103	sqlite
server/tests/test_character_asset_review.py	139	internal
server/tests/test_character_asset_review.py	335	sqlite
server/tests/test_character_asset_review.py	409	sqlite
server/tests/test_character_asset_review.py	501	sqlite
server/tests/test_character_asset_review.py	524	sqlite
server/tests/test_character_asset_review.py	578	sqlite
server/tests/test_character_asset_review.py	602	sqlite
server/tests/test_character_asset_review.py	641	sqlite
server/tests/test_character_asset_review.py	660	sqlite
server/tests/test_character_domain.py	4	sqlite
server/tests/test_character_domain.py	210	sqlite
server/tests/test_character_domain.py	288	sqlite
server/tests/test_character_domain.py	351	sqlite
server/tests/test_character_domain.py	359	sqlite
server/tests/test_character_domain.py	367	sqlite
server/tests/test_character_domain.py	383	sqlite
server/tests/test_character_domain.py	387	sqlite
server/tests/test_character_domain.py	405	sqlite
server/tests/test_character_domain.py	451	internal
server/tests/test_character_domain.py	459	sqlite
server/tests/test_character_domain.py	474	sqlite
server/tests/test_character_domain.py	496	sqlite
server/tests/test_character_domain.py	511	sqlite
server/tests/test_character_domain.py	530	sqlite
server/tests/test_character_domain.py	535	sqlite
server/tests/test_character_domain.py	545	sqlite
server/tests/test_character_domain.py	557	sqlite
server/tests/test_character_domain.py	564	sqlite
server/tests/test_character_domain.py	573	sqlite
server/tests/test_character_domain.py	587	sqlite
server/tests/test_character_domain.py	630	sqlite
server/tests/test_character_domain.py	661	sqlite
server/tests/test_character_domain.py	681	sqlite
server/tests/test_character_domain.py	712	sqlite
server/tests/test_character_domain.py	740	sqlite
server/tests/test_character_domain.py	853	sqlite
server/tests/test_character_domain.py	861	sqlite
server/tests/test_character_domain.py	869	sqlite
server/tests/test_character_domain.py	885	sqlite
server/tests/test_character_domain.py	895	sqlite
server/tests/test_character_domain.py	919	sqlite
server/tests/test_character_identity_api.py	101	sqlite
server/tests/test_character_identity_api.py	142	internal
server/tests/test_character_identity_api.py	235	internal
server/tests/test_character_identity_api.py	284	sqlite
server/tests/test_character_identity_api.py	373	sqlite
server/tests/test_character_identity_api.py	489	sqlite
server/tests/test_character_identity_api.py	506	sqlite
server/tests/test_character_identity_api.py	537	sqlite
server/tests/test_character_identity_api.py	558	sqlite
server/tests/test_character_identity_api.py	647	sqlite
server/tests/test_character_identity_api.py	710	internal
server/tests/test_character_identity_api.py	754	sqlite
server/tests/test_character_identity_api.py	894	sqlite
server/tests/test_character_identity_api.py	908	sqlite
server/tests/test_character_identity_api.py	932	sqlite
server/tests/test_character_image_generation.py	70	sqlite
server/tests/test_character_image_generation.py	103	sqlite
server/tests/test_character_image_generation.py	153	sqlite
server/tests/test_character_image_generation.py	195	internal
server/tests/test_character_image_generation.py	297	sqlite
server/tests/test_character_image_generation.py	326	sqlite
server/tests/test_character_image_generation.py	386	sqlite
server/tests/test_character_image_generation.py	406	sqlite
server/tests/test_character_image_generation.py	430	sqlite
server/tests/test_character_image_generation.py	442	sqlite
server/tests/test_character_image_generation.py	492	sqlite
server/tests/test_character_image_generation.py	515	sqlite
server/tests/test_character_image_generation.py	528	sqlite
server/tests/test_character_image_generation.py	561	sqlite
server/tests/test_character_image_generation.py	609	sqlite
server/tests/test_character_image_generation.py	639	sqlite
server/tests/test_character_image_generation.py	679	sqlite
server/tests/test_character_image_generation.py	747	sqlite
server/tests/test_character_image_generation.py	789	sqlite
server/tests/test_character_image_generation.py	861	sqlite
server/tests/test_character_image_generation.py	937	sqlite
server/tests/test_character_image_generation.py	979	sqlite
server/tests/test_character_image_generation.py	1037	sqlite
server/tests/test_character_image_generation.py	1074	sqlite
server/tests/test_character_image_generation.py	1114	sqlite
server/tests/test_character_image_generation.py	1187	sqlite
server/tests/test_character_image_generation.py	1212	sqlite
server/tests/test_character_reference_matching.py	5	sqlite
server/tests/test_character_reference_matching.py	82	sqlite
server/tests/test_character_reference_matching.py	131	SQLite
server/tests/test_character_reference_matching.py	136	sqlite
server/tests/test_character_reference_matching.py	155	sqlite
server/tests/test_character_reference_matching.py	176	sqlite
server/tests/test_character_reference_matching.py	293	internal
server/tests/test_character_reference_matching.py	412	sqlite
server/tests/test_character_reference_matching.py	498	sqlite
server/tests/test_character_reference_matching.py	555	sqlite
server/tests/test_character_reference_matching.py	631	sqlite
server/tests/test_character_reference_matching.py	658	sqlite
server/tests/test_character_reference_matching.py	671	sqlite
server/tests/test_character_reference_matching.py	698	sqlite
server/tests/test_character_reference_matching.py	724	sqlite
server/tests/test_character_reference_matching.py	777	sqlite
server/tests/test_character_reference_matching.py	817	sqlite
server/tests/test_character_reference_matching.py	863	sqlite
server/tests/test_character_reference_matching.py	906	sqlite
server/tests/test_characters.py	4	sqlite
server/tests/test_characters.py	28	SQLite
server/tests/test_characters.py	33	sqlite
server/tests/test_characters.py	46	sqlite
server/tests/test_characters.py	137	sqlite
server/tests/test_characters.py	142	sqlite
server/tests/test_characters.py	297	sqlite
server/tests/test_characters.py	398	sqlite
server/tests/test_characters.py	461	sqlite
server/tests/test_customer_activation.py	5	SQLite
server/tests/test_customer_chain_e2e.py	181	internal
server/tests/test_customer_chain_e2e.py	254	SQLite
server/tests/test_customer_chain_e2e.py	483	内部
server/tests/test_customer_chain_e2e.py	720	internal
server/tests/test_customer_devices.py	815	SQLite
server/tests/test_customer_fencing.py	193	SQLite
server/tests/test_customer_fencing.py	1012	internal
server/tests/test_customer_ha_smoke.py	45	internal
server/tests/test_customer_ha_smoke.py	473	internal
server/tests/test_customer_ha_smoke.py	607	internal
server/tests/test_customer_ha_smoke.py	632	internal
server/tests/test_customer_ha_smoke.py	653	internal
server/tests/test_customer_ha_smoke.py	654	internal
server/tests/test_customer_ha_smoke.py	661	internal
server/tests/test_customer_queue_fairness.py	146	internal
server/tests/test_customer_recharge.py	9	internal
server/tests/test_customer_recharge.py	263	internal
server/tests/test_customer_recharge.py	266	INTERNAL
server/tests/test_customer_recharge.py	271	internal
server/tests/test_customer_recharge.py	272	internal
server/tests/test_customer_recharge.py	276	internal
server/tests/test_customer_recharge.py	376	internal
server/tests/test_customer_recharge.py	403	internal
server/tests/test_customer_recharge.py	1121	内部
server/tests/test_customer_release_preflight.py	52	DESKTOP_USER
server/tests/test_customer_release_preflight.py	65	DESKTOP_USER
server/tests/test_customer_sessions.py	479	internal
server/tests/test_db.py	5	sqlite
server/tests/test_db.py	78	sqlite
server/tests/test_db.py	88	sqlite
server/tests/test_db.py	272	sqlite
server/tests/test_db.py	281	sqlite
server/tests/test_db.py	292	sqlite
server/tests/test_db.py	310	sqlite
server/tests/test_db.py	332	sqlite
server/tests/test_db.py	341	sqlite
server/tests/test_db.py	347	sqlite
server/tests/test_db.py	356	sqlite
server/tests/test_db.py	366	sqlite
server/tests/test_db.py	397	sqlite
server/tests/test_db.py	424	sqlite
server/tests/test_db.py	452	sqlite
server/tests/test_db.py	477	sqlite
server/tests/test_db.py	481	sqlite
server/tests/test_db.py	496	sqlite
server/tests/test_db.py	516	sqlite
server/tests/test_db.py	559	SQLite
server/tests/test_db.py	563	sqlite
server/tests/test_db.py	577	sqlite
server/tests/test_db.py	597	sqlite
server/tests/test_db.py	612	sqlite
server/tests/test_db.py	653	sqlite
server/tests/test_db.py	661	sqlite
server/tests/test_db.py	730	sqlite
server/tests/test_db.py	732	sqlite
server/tests/test_db.py	804	sqlite
server/tests/test_db.py	850	sqlite
server/tests/test_db.py	918	sqlite
server/tests/test_db_pg.py	6	SQLite
server/tests/test_db_pg.py	13	sqlite
server/tests/test_db_pg.py	97	internal,sqlite
server/tests/test_db_pg.py	101	sqlite
server/tests/test_db_pg.py	104	internal,sqlite
server/tests/test_db_pg.py	105	internal
server/tests/test_db_pg.py	119	sqlite
server/tests/test_db_pg.py	120	internal
server/tests/test_db_pg.py	130	internal
server/tests/test_db_pg.py	132	Internal
server/tests/test_db_pg.py	145	sqlite
server/tests/test_db_pg.py	146	sqlite
server/tests/test_db_pg.py	147	sqlite
server/tests/test_db_pg.py	148	sqlite
server/tests/test_db_pg.py	152	sqlite
server/tests/test_db_pg.py	165	sqlite
server/tests/test_db_pg.py	171	internal
server/tests/test_db_pg.py	178	internal,DESKTOP_USER
server/tests/test_db_pg.py	179	sqlite
server/tests/test_db_pg.py	195	sqlite
server/tests/test_db_pg.py	200	sqlite
server/tests/test_db_pg.py	206	sqlite
server/tests/test_db_pg.py	217	sqlite
server/tests/test_db_pg.py	219	sqlite
server/tests/test_db_pg.py	220	sqlite
server/tests/test_db_pg.py	230	sqlite
server/tests/test_db_pg.py	240	sqlite
server/tests/test_db_pg.py	241	sqlite
server/tests/test_db_pg.py	248	sqlite
server/tests/test_db_pg.py	268	sqlite
server/tests/test_db_pg.py	274	internal
server/tests/test_db_pg.py	278	sqlite
server/tests/test_db_pg.py	279	sqlite
server/tests/test_db_pg.py	283	sqlite
server/tests/test_db_pg.py	292	internal
server/tests/test_db_pg.py	293	internal
server/tests/test_db_pg.py	314	sqlite
server/tests/test_db_pg.py	318	sqlite
server/tests/test_db_pg.py	321	SQLite
server/tests/test_db_pg.py	382	sqlite
server/tests/test_db_pg.py	383	sqlite
server/tests/test_db_pg.py	385	internal
server/tests/test_db_pg.py	508	SQLite
server/tests/test_db_pg.py	609	SQLite
server/tests/test_db_pg.py	621	SQLite
server/tests/test_db_pg.py	632	SQLite
server/tests/test_db_pg.py	692	sqlite
server/tests/test_db_pg.py	696	SQLite
server/tests/test_db_pg.py	698	sqlite
server/tests/test_db_pg.py	704	sqlite
server/tests/test_db_portable.py	4	SQLite
server/tests/test_db_portable.py	6	SQLite
server/tests/test_db_portable.py	13	sqlite
server/tests/test_db_portable.py	17	sqlite
server/tests/test_db_portable.py	20	sqlite
server/tests/test_db_portable.py	26	sqlite
server/tests/test_db_portable.py	33	sqlite
server/tests/test_db_portable.py	40	sqlite
server/tests/test_db_portable.py	44	sqlite
server/tests/test_db_portable.py	51	sqlite
server/tests/test_db_portable.py	57	sqlite
server/tests/test_db_portable.py	62	sqlite
server/tests/test_db_portable.py	64	sqlite
server/tests/test_db_portable.py	68	sqlite
server/tests/test_db_portable.py	74	sqlite
server/tests/test_db_portable.py	78	sqlite
server/tests/test_db_portable.py	85	sqlite
server/tests/test_db_portable.py	89	sqlite
server/tests/test_db_portable.py	96	sqlite
server/tests/test_db_portable.py	99	sqlite
server/tests/test_db_portable.py	106	SQLite
server/tests/test_db_portable.py	108	sqlite
server/tests/test_db_portable.py	112	sqlite
server/tests/test_db_portable.py	118	SQLite
server/tests/test_db_portable.py	122	sqlite
server/tests/test_db_portable.py	126	sqlite
server/tests/test_db_portable.py	136	SQLite
server/tests/test_db_portable.py	139	sqlite
server/tests/test_db_portable.py	149	sqlite
server/tests/test_db_portable.py	153	SQLite
server/tests/test_db_portable.py	156	sqlite
server/tests/test_db_portable.py	162	sqlite
server/tests/test_db_portable.py	167	sqlite
server/tests/test_db_portable.py	168	sqlite
server/tests/test_db_portable.py	170	sqlite
server/tests/test_db_portable.py	173	sqlite
server/tests/test_db_portable.py	174	sqlite
server/tests/test_db_portable.py	175	sqlite
server/tests/test_db_portable.py	179	sqlite
server/tests/test_db_portable.py	185	sqlite
server/tests/test_db_portable.py	187	sqlite
server/tests/test_db_portable.py	188	sqlite
server/tests/test_db_portable.py	192	sqlite
server/tests/test_db_portable.py	196	sqlite
server/tests/test_db_portable.py	197	sqlite
server/tests/test_db_portable.py	198	sqlite
server/tests/test_db_portable.py	199	sqlite
server/tests/test_e2e_fake_provider.py	4	sqlite
server/tests/test_e2e_fake_provider.py	94	SQLite
server/tests/test_e2e_fake_provider.py	99	sqlite
server/tests/test_e2e_fake_provider.py	153	sqlite
server/tests/test_e2e_fake_provider.py	214	sqlite
server/tests/test_e2e_fake_provider.py	238	sqlite
server/tests/test_e2e_fake_provider.py	278	sqlite
server/tests/test_e2e_fake_provider.py	384	sqlite
server/tests/test_first_frames.py	5	sqlite
server/tests/test_first_frames.py	238	SQLite
server/tests/test_first_frames.py	243	sqlite
server/tests/test_first_frames.py	259	sqlite
server/tests/test_first_frames.py	339	sqlite
server/tests/test_first_frames.py	418	sqlite
server/tests/test_first_frames.py	464	sqlite
server/tests/test_first_frames.py	474	sqlite
server/tests/test_first_frames.py	489	sqlite
server/tests/test_first_frames.py	568	sqlite
server/tests/test_first_frames.py	614	sqlite
server/tests/test_first_frames.py	657	sqlite
server/tests/test_first_frames.py	722	sqlite
server/tests/test_first_frames.py	768	sqlite
server/tests/test_first_frames.py	818	sqlite
server/tests/test_first_frames.py	884	sqlite
server/tests/test_first_frames.py	966	sqlite
server/tests/test_first_frames.py	1015	sqlite
server/tests/test_first_frames.py	1063	sqlite
server/tests/test_first_frames.py	1082	sqlite
server/tests/test_first_frames.py	1107	sqlite
server/tests/test_first_frames.py	1150	sqlite
server/tests/test_first_frames.py	1202	sqlite
server/tests/test_first_frames.py	1237	sqlite
server/tests/test_first_frames.py	1541	sqlite
server/tests/test_first_frames.py	1555	sqlite
server/tests/test_first_frames.py	1606	sqlite
server/tests/test_first_frames.py	1713	sqlite
server/tests/test_first_frames.py	1777	sqlite
server/tests/test_first_frames.py	1909	sqlite
server/tests/test_gate1_bootstrap.py	17	sqlite
server/tests/test_gate1_bootstrap.py	26	sqlite
server/tests/test_gate1_bootstrap.py	59	desktop_user
server/tests/test_gate1_e2e.py	84	sqlite
server/tests/test_gate1_e2e.py	423	internal
server/tests/test_gate1_e2e.py	429	sqlite
server/tests/test_generation.py	7	sqlite
server/tests/test_generation.py	54	sqlite
server/tests/test_generation.py	153	SQLite
server/tests/test_generation.py	158	sqlite
server/tests/test_generation.py	172	sqlite
server/tests/test_generation.py	620	sqlite
server/tests/test_generation.py	639	sqlite
server/tests/test_generation.py	786	sqlite
server/tests/test_generation.py	849	sqlite
server/tests/test_generation.py	957	sqlite
server/tests/test_generation.py	974	sqlite
server/tests/test_generation.py	1025	sqlite
server/tests/test_generation.py	1035	sqlite
server/tests/test_generation.py	1073	sqlite
server/tests/test_generation.py	1126	sqlite
server/tests/test_generation.py	1174	sqlite
server/tests/test_generation.py	1246	sqlite
server/tests/test_generation.py	1307	sqlite
server/tests/test_generation.py	1319	sqlite
server/tests/test_generation.py	1353	sqlite
server/tests/test_generation.py	1393	sqlite
server/tests/test_generation.py	1458	sqlite
server/tests/test_generation.py	1535	sqlite
server/tests/test_generation.py	1565	sqlite
server/tests/test_generation.py	1598	sqlite
server/tests/test_generation.py	1625	sqlite
server/tests/test_generation.py	1649	sqlite
server/tests/test_generation.py	1731	sqlite
server/tests/test_generation.py	1757	sqlite
server/tests/test_generation.py	1786	sqlite
server/tests/test_generation.py	1818	sqlite
server/tests/test_generation.py	1943	sqlite
server/tests/test_generation.py	1974	sqlite
server/tests/test_generation.py	2365	sqlite
server/tests/test_generation.py	2418	sqlite
server/tests/test_generation.py	2466	sqlite
server/tests/test_generation.py	2645	sqlite
server/tests/test_generation.py	2690	sqlite
server/tests/test_generation.py	2726	sqlite
server/tests/test_generation.py	2769	sqlite
server/tests/test_generation.py	2894	sqlite
server/tests/test_generation.py	3078	sqlite
server/tests/test_generation.py	3104	sqlite
server/tests/test_generation.py	3132	sqlite
server/tests/test_generation.py	3171	sqlite
server/tests/test_generation.py	3194	sqlite
server/tests/test_generation.py	3195	sqlite
server/tests/test_generation.py	3217	sqlite
server/tests/test_generation.py	3235	sqlite
server/tests/test_generation.py	3306	sqlite
server/tests/test_generation.py	3323	sqlite
server/tests/test_generation.py	3376	sqlite
server/tests/test_generation.py	3423	sqlite
server/tests/test_generation.py	3523	sqlite
server/tests/test_generation.py	3603	sqlite
server/tests/test_generation.py	3641	sqlite
server/tests/test_generation.py	3662	sqlite
server/tests/test_generation.py	3733	sqlite
server/tests/test_generation.py	3790	sqlite
server/tests/test_generation.py	3803	sqlite
server/tests/test_generation.py	3882	sqlite
server/tests/test_generation.py	3969	sqlite
server/tests/test_generation.py	4039	sqlite
server/tests/test_generation.py	4087	sqlite
server/tests/test_generation.py	4114	sqlite
server/tests/test_generation.py	4135	sqlite
server/tests/test_generation.py	4187	sqlite
server/tests/test_generation.py	4210	sqlite
server/tests/test_generation.py	4231	sqlite
server/tests/test_generation.py	4266	sqlite
server/tests/test_generation.py	4328	sqlite
server/tests/test_generation.py	4388	sqlite
server/tests/test_generation.py	4444	sqlite
server/tests/test_generation.py	4484	sqlite
server/tests/test_generation.py	4519	sqlite
server/tests/test_generation.py	4548	sqlite
server/tests/test_generation.py	4560	sqlite
server/tests/test_generation.py	4595	sqlite
server/tests/test_generation.py	4618	sqlite
server/tests/test_generation.py	4648	sqlite
server/tests/test_generation.py	4691	sqlite
server/tests/test_generation.py	4732	sqlite
server/tests/test_generation.py	4787	sqlite
server/tests/test_generation.py	4841	sqlite
server/tests/test_generation.py	4911	sqlite
server/tests/test_generation.py	4972	sqlite
server/tests/test_generation.py	4992	sqlite
server/tests/test_generation.py	5012	sqlite
server/tests/test_generation.py	5062	sqlite
server/tests/test_generation.py	5099	sqlite
server/tests/test_generation.py	5110	sqlite
server/tests/test_generation.py	5145	sqlite
server/tests/test_generation.py	5163	sqlite
server/tests/test_generation.py	5191	sqlite
server/tests/test_generation.py	5237	sqlite
server/tests/test_generation.py	5255	sqlite
server/tests/test_generation.py	5315	sqlite
server/tests/test_generation.py	5334	sqlite
server/tests/test_generation.py	5418	sqlite
server/tests/test_generation.py	5437	sqlite
server/tests/test_generation.py	5449	sqlite
server/tests/test_generation.py	5499	sqlite
server/tests/test_generation.py	5542	sqlite
server/tests/test_generation.py	5571	sqlite
server/tests/test_generation.py	5602	sqlite
server/tests/test_generation.py	5698	sqlite
server/tests/test_generation.py	5743	sqlite
server/tests/test_generation.py	5802	sqlite
server/tests/test_generation.py	5828	sqlite
server/tests/test_generation.py	5848	sqlite
server/tests/test_generation.py	5902	sqlite
server/tests/test_generation.py	5927	sqlite
server/tests/test_generation.py	5942	sqlite
server/tests/test_generation.py	5968	sqlite
server/tests/test_generation.py	5977	sqlite
server/tests/test_generation.py	5990	sqlite
server/tests/test_generation.py	6035	sqlite
server/tests/test_generation.py	6061	sqlite
server/tests/test_generation.py	6088	sqlite
server/tests/test_generation.py	6118	sqlite
server/tests/test_generation.py	6145	sqlite
server/tests/test_generation.py	6171	sqlite
server/tests/test_generation.py	6215	sqlite
server/tests/test_generation.py	6240	sqlite
server/tests/test_generation.py	6264	sqlite
server/tests/test_generation.py	6296	sqlite
server/tests/test_generation.py	6315	sqlite
server/tests/test_generation.py	6345	sqlite
server/tests/test_generation.py	6392	sqlite
server/tests/test_generation.py	6438	sqlite
server/tests/test_generation.py	6491	sqlite
server/tests/test_generation.py	6546	sqlite
server/tests/test_generation.py	6598	sqlite
server/tests/test_generation.py	6649	sqlite
server/tests/test_generation.py	6667	sqlite
server/tests/test_generation.py	6740	sqlite
server/tests/test_generation.py	6756	sqlite
server/tests/test_generation.py	6791	sqlite
server/tests/test_hifly_client.py	4	sqlite
server/tests/test_hifly_client.py	38	sqlite
server/tests/test_hifly_client.py	47	sqlite
server/tests/test_hifly_client.py	59	sqlite
server/tests/test_hifly_client.py	342	sqlite
server/tests/test_independent_creation.py	3	SQLite
server/tests/test_independent_creation.py	12	sqlite
server/tests/test_independent_creation.py	99	sqlite
server/tests/test_independent_creation.py	117	sqlite
server/tests/test_independent_creation.py	182	sqlite
server/tests/test_independent_creation.py	411	sqlite
server/tests/test_independent_creation.py	415	sqlite
server/tests/test_independent_creation.py	462	sqlite
server/tests/test_independent_creation.py	533	sqlite
server/tests/test_independent_creation.py	544	sqlite
server/tests/test_independent_creation.py	576	sqlite
server/tests/test_independent_creation.py	579	sqlite
server/tests/test_independent_creation.py	621	sqlite
server/tests/test_independent_creation.py	625	sqlite
server/tests/test_internal_access_tokens.py	29	internal
server/tests/test_internal_access_tokens.py	41	internal
server/tests/test_internal_access_tokens.py	42	internal
server/tests/test_internal_access_tokens.py	60	internal
server/tests/test_internal_access_tokens.py	61	internal
server/tests/test_internal_access_tokens.py	64	internal
server/tests/test_internal_access_tokens.py	68	sqlite
server/tests/test_internal_access_tokens.py	70	internal
server/tests/test_internal_access_tokens.py	71	DESKTOP_USER
server/tests/test_internal_access_tokens.py	94	sqlite
server/tests/test_internal_access_tokens.py	130	sqlite
server/tests/test_internal_access_tokens.py	132	internal
server/tests/test_internal_access_tokens.py	141	internal
server/tests/test_internal_access_tokens.py	142	internal
server/tests/test_internal_access_tokens.py	143	internal
server/tests/test_internal_access_tokens.py	145	internal
server/tests/test_internal_access_tokens.py	148	internal
server/tests/test_internal_access_tokens.py	149	internal
server/tests/test_internal_access_tokens.py	150	internal
server/tests/test_internal_access_tokens.py	151	internal
server/tests/test_internal_access_tokens.py	169	internal
server/tests/test_internal_access_tokens.py	170	internal
server/tests/test_internal_access_tokens.py	172	internal
server/tests/test_internal_access_tokens.py	173	internal
server/tests/test_internal_access_tokens.py	176	internal
server/tests/test_internal_access_tokens.py	185	internal
server/tests/test_internal_access_tokens.py	186	internal
server/tests/test_internal_access_tokens.py	189	internal
server/tests/test_internal_access_tokens.py	191	DESKTOP_USER
server/tests/test_internal_access_tokens.py	194	internal
server/tests/test_internal_access_tokens.py	205	internal
server/tests/test_internal_access_tokens.py	210	internal
server/tests/test_internal_access_tokens.py	261	internal
server/tests/test_internal_access_tokens.py	262	internal
server/tests/test_internal_access_tokens.py	268	internal,Internal
server/tests/test_internal_access_tokens.py	272	internal
server/tests/test_internal_access_tokens.py	273	internal
server/tests/test_internal_access_tokens.py	281	internal
server/tests/test_internal_access_tokens.py	289	internal
server/tests/test_internal_access_tokens.py	295	内部
server/tests/test_internal_access_tokens.py	297	internal
server/tests/test_internal_access_tokens.py	300	internal
server/tests/test_internal_access_tokens.py	302	内部
server/tests/test_internal_access_tokens.py	304	internal
server/tests/test_internal_admin.py	4	sqlite
server/tests/test_internal_admin.py	13	CONTROL_PROXY,CONTROL_ADMIN_USER
server/tests/test_internal_admin.py	17	internal
server/tests/test_internal_admin.py	32	internal
server/tests/test_internal_admin.py	36	internal
server/tests/test_internal_admin.py	39	internal
server/tests/test_internal_admin.py	40	internal
server/tests/test_internal_admin.py	42	CONTROL_ADMIN_USER
server/tests/test_internal_admin.py	44	CONTROL_PROXY
server/tests/test_internal_admin.py	49	sqlite
server/tests/test_internal_admin.py	53	internal
server/tests/test_internal_admin.py	54	Internal
server/tests/test_internal_admin.py	87	INTERNAL
server/tests/test_internal_admin.py	112	INTERNAL
server/tests/test_internal_admin.py	120	sqlite
server/tests/test_internal_admin.py	121	sqlite
server/tests/test_internal_admin.py	130	internal
server/tests/test_internal_admin.py	139	internal
server/tests/test_internal_admin.py	141	internal
server/tests/test_internal_admin.py	233	internal
server/tests/test_internal_admin.py	235	internal
server/tests/test_internal_admin.py	236	sqlite
server/tests/test_internal_admin.py	310	sqlite
server/tests/test_internal_admin.py	316	sqlite
server/tests/test_internal_admin.py	328	sqlite
server/tests/test_internal_admin.py	341	INTERNAL
server/tests/test_internal_admin.py	349	INTERNAL
server/tests/test_internal_admin.py	361	sqlite
server/tests/test_internal_admin.py	369	sqlite
server/tests/test_internal_admin.py	379	sqlite
server/tests/test_internal_admin.py	394	internal
server/tests/test_internal_admin.py	396	internal
server/tests/test_internal_admin.py	397	sqlite
server/tests/test_internal_admin.py	638	internal
server/tests/test_internal_admin.py	640	internal
server/tests/test_internal_admin.py	654	internal
server/tests/test_internal_admin.py	657	internal
server/tests/test_internal_admin.py	658	internal
server/tests/test_internal_admin.py	677	sqlite
server/tests/test_internal_admin.py	695	internal
server/tests/test_internal_admin.py	698	internal
server/tests/test_internal_admin.py	706	internal
server/tests/test_internal_admin.py	707	internal
server/tests/test_internal_admin.py	712	internal
server/tests/test_internal_admin.py	713	internal
server/tests/test_internal_admin.py	715	internal
server/tests/test_internal_admin.py	747	internal
server/tests/test_internal_admin.py	749	internal
server/tests/test_internal_admin.py	798	sqlite
server/tests/test_internal_admin.py	804	internal
server/tests/test_internal_admin.py	805	internal
server/tests/test_internal_admin.py	807	internal
server/tests/test_internal_admin.py	813	internal
server/tests/test_internal_admin.py	817	internal
server/tests/test_internal_admin.py	823	internal
server/tests/test_internal_admin.py	828	sqlite
server/tests/test_internal_admin.py	836	internal
server/tests/test_internal_admin.py	847	internal
server/tests/test_internal_admin.py	861	internal
server/tests/test_internal_admin.py	863	internal
server/tests/test_internal_admin.py	864	sqlite
server/tests/test_internal_admin.py	895	sqlite
server/tests/test_internal_admin.py	907	internal
server/tests/test_internal_admin.py	909	internal
server/tests/test_internal_admin.py	965	internal
server/tests/test_internal_admin.py	974	Internal
server/tests/test_internal_admin.py	993	internal
server/tests/test_internal_admin.py	996	internal
server/tests/test_internal_admin.py	1005	sqlite
server/tests/test_internal_billing.py	3	sqlite
server/tests/test_internal_billing.py	17	sqlite
server/tests/test_internal_billing.py	45	sqlite
server/tests/test_internal_billing.py	63	sqlite
server/tests/test_internal_billing.py	99	internal
server/tests/test_internal_billing.py	105	sqlite
server/tests/test_internal_billing.py	110	internal
server/tests/test_internal_billing.py	117	internal
server/tests/test_internal_billing.py	123	internal
server/tests/test_internal_billing.py	129	internal
server/tests/test_internal_billing.py	134	sqlite
server/tests/test_internal_billing.py	136	sqlite
server/tests/test_internal_billing.py	140	internal
server/tests/test_internal_billing.py	141	internal
server/tests/test_internal_billing.py	144	sqlite
server/tests/test_internal_billing.py	150	internal
server/tests/test_internal_billing.py	153	sqlite
server/tests/test_internal_billing.py	164	sqlite
server/tests/test_internal_billing.py	178	sqlite
server/tests/test_internal_billing.py	180	sqlite
server/tests/test_internal_billing.py	189	sqlite
server/tests/test_internal_billing.py	191	sqlite
server/tests/test_internal_billing.py	193	sqlite
server/tests/test_internal_billing.py	207	sqlite
server/tests/test_internal_billing.py	209	sqlite
server/tests/test_internal_billing.py	211	sqlite
server/tests/test_internal_billing.py	215	internal
server/tests/test_internal_billing.py	231	internal
server/tests/test_internal_billing.py	237	INTERNAL
server/tests/test_internal_billing.py	255	internal
server/tests/test_internal_billing.py	265	internal
server/tests/test_internal_deployment.py	29	internal
server/tests/test_internal_deployment.py	47	internal
server/tests/test_internal_deployment.py	51	internal
server/tests/test_internal_deployment.py	53	DESKTOP_USER
server/tests/test_internal_deployment.py	55	internal
server/tests/test_internal_deployment.py	57	CONTROL_PROXY
server/tests/test_internal_deployment.py	58	CONTROL_ADMIN_USER
server/tests/test_internal_deployment.py	79	internal
server/tests/test_internal_deployment.py	91	internal
server/tests/test_internal_deployment.py	115	sqlite
server/tests/test_internal_deployment.py	116	内部,单机
server/tests/test_internal_deployment.py	125	内部,单机
server/tests/test_internal_deployment.py	138	内部,单机
server/tests/test_material_permissions.py	19	sqlite
server/tests/test_material_permissions.py	20	sqlite
server/tests/test_materials.py	3	sqlite
server/tests/test_materials.py	40	sqlite
server/tests/test_materials.py	58	sqlite
server/tests/test_media.py	4	sqlite
server/tests/test_media.py	132	internal
server/tests/test_media.py	133	internal
server/tests/test_media.py	135	internal
server/tests/test_media.py	163	SQLite
server/tests/test_media.py	168	sqlite
server/tests/test_media.py	183	sqlite
server/tests/test_media.py	260	sqlite
server/tests/test_media.py	278	sqlite
server/tests/test_media.py	296	sqlite
server/tests/test_media.py	342	sqlite
server/tests/test_media.py	369	sqlite
server/tests/test_media.py	440	sqlite
server/tests/test_media.py	464	sqlite
server/tests/test_media.py	488	sqlite
server/tests/test_media.py	532	sqlite
server/tests/test_media.py	587	sqlite
server/tests/test_media.py	620	sqlite
server/tests/test_media.py	647	单机
server/tests/test_media.py	652	sqlite
server/tests/test_media.py	673	sqlite
server/tests/test_media.py	693	sqlite
server/tests/test_media.py	720	sqlite
server/tests/test_media.py	764	sqlite
server/tests/test_media.py	802	sqlite
server/tests/test_media.py	882	sqlite
server/tests/test_media.py	911	sqlite
server/tests/test_media.py	1018	sqlite
server/tests/test_media.py	1070	sqlite
server/tests/test_media.py	1093	sqlite
server/tests/test_migration_dialect_contract.py	3	sqlite
server/tests/test_migration_dialect_contract.py	21	sqlite
server/tests/test_migration_dialect_contract.py	27	internal
server/tests/test_migration_dialect_contract.py	47	sqlite
server/tests/test_migration_dialect_contract.py	57	sqlite
server/tests/test_migration_dialect_contract.py	65	sqlite
server/tests/test_migration_dialect_contract.py	67	sqlite
server/tests/test_optional_project_state_api.py	41	sqlite
server/tests/test_oral_domain.py	28	internal
server/tests/test_oral_domain.py	226	sqlite
server/tests/test_payments.py	5	sqlite
server/tests/test_payments.py	21	internal
server/tests/test_payments.py	52	sqlite
server/tests/test_payments.py	79	internal
server/tests/test_payments.py	84	CONTROL_PROXY
server/tests/test_payments.py	87	CONTROL_ADMIN_USER
server/tests/test_payments.py	90	sqlite
server/tests/test_payments.py	93	internal
server/tests/test_payments.py	94	Internal
server/tests/test_payments.py	159	内部
server/tests/test_payments.py	172	sqlite
server/tests/test_payments.py	197	sqlite
server/tests/test_payments.py	227	sqlite
server/tests/test_payments.py	242	sqlite
server/tests/test_payments.py	353	sqlite
server/tests/test_payments.py	452	sqlite
server/tests/test_payments.py	765	sqlite
server/tests/test_postgres_migrations.py	6	SQLite
server/tests/test_postgres_migrations.py	248	INTERNAL
server/tests/test_postgres_migrations.py	266	internal
server/tests/test_postgres_migrations.py	285	INTERNAL
server/tests/test_postgres_migrations.py	337	internal
server/tests/test_postgres_migrations.py	501	SQLite
server/tests/test_postgres_migrations.py	563	sqlite
server/tests/test_postgres_migrations.py	591	sqlite
server/tests/test_postgres_migrations.py	642	internal
server/tests/test_postgres_migrations.py	773	INTERNAL
server/tests/test_postgres_migrations.py	888	internal,INTERNAL
server/tests/test_postgres_migrations.py	904	internal
server/tests/test_postgres_migrations.py	918	INTERNAL
server/tests/test_postgres_migrations.py	995	internal
server/tests/test_postgres_migrations.py	1104	INTERNAL
server/tests/test_postgres_migrations.py	1177	internal
server/tests/test_postgres_migrations.py	1204	internal
server/tests/test_postgres_migrations.py	1748	internal
server/tests/test_project_character_selection.py	4	sqlite
server/tests/test_project_character_selection.py	54	SQLite
server/tests/test_project_character_selection.py	59	sqlite
server/tests/test_project_character_selection.py	118	internal
server/tests/test_project_character_selection.py	119	internal
server/tests/test_project_character_selection.py	186	sqlite
server/tests/test_project_character_selection.py	308	内部
server/tests/test_project_character_selection.py	309	内部
server/tests/test_project_character_selection.py	340	sqlite
server/tests/test_project_character_selection.py	438	sqlite
server/tests/test_project_character_selection.py	474	sqlite
server/tests/test_project_character_selection.py	513	sqlite
server/tests/test_project_character_selection.py	542	sqlite
server/tests/test_project_character_selection.py	595	sqlite
server/tests/test_queue_load_10k.py	54	internal
server/tests/test_queue_load_10k.py	132	internal
server/tests/test_rbac.py	4	sqlite
server/tests/test_rbac.py	37	sqlite
server/tests/test_rbac.py	46	SQLite
server/tests/test_rbac.py	58	sqlite
server/tests/test_rbac.py	154	sqlite
server/tests/test_rbac.py	174	DESKTOP_USER
server/tests/test_rbac.py	187	DESKTOP_USER
server/tests/test_rbac.py	200	DESKTOP_USER
server/tests/test_rbac.py	225	DESKTOP_USER
server/tests/test_rbac.py	237	sqlite
server/tests/test_rbac.py	260	DESKTOP_USER
server/tests/test_rbac.py	266	sqlite
server/tests/test_rbac.py	317	sqlite
server/tests/test_rbac.py	333	sqlite
server/tests/test_rbac.py	363	sqlite
server/tests/test_rbac.py	381	sqlite
server/tests/test_rbac.py	419	sqlite
server/tests/test_rbac.py	430	sqlite
server/tests/test_rbac.py	443	sqlite
server/tests/test_rbac.py	453	sqlite
server/tests/test_rbac.py	479	sqlite
server/tests/test_rbac.py	583	sqlite
server/tests/test_rbac.py	599	sqlite
server/tests/test_rbac.py	646	sqlite
server/tests/test_rbac.py	681	sqlite
server/tests/test_rbac.py	726	sqlite
server/tests/test_rbac.py	813	sqlite
server/tests/test_rbac.py	876	sqlite
server/tests/test_rbac.py	897	sqlite
server/tests/test_rbac.py	1009	sqlite
server/tests/test_recharge_orders.py	4	sqlite
server/tests/test_recharge_orders.py	16	internal
server/tests/test_recharge_orders.py	25	sqlite
server/tests/test_recharge_orders.py	30	internal
server/tests/test_recharge_orders.py	31	sqlite
server/tests/test_recharge_orders.py	33	internal
server/tests/test_recharge_orders.py	35	sqlite
server/tests/test_recharge_orders.py	41	sqlite
server/tests/test_recharge_orders.py	56	internal
server/tests/test_recharge_orders.py	61	sqlite
server/tests/test_recharge_orders.py	79	sqlite
server/tests/test_recharge_orders.py	80	sqlite
server/tests/test_recharge_orders.py	119	内部
server/tests/test_recharge_orders.py	128	sqlite
server/tests/test_recharge_orders.py	146	INTERNAL
server/tests/test_recharge_orders.py	156	internal
server/tests/test_recharge_orders.py	160	sqlite
server/tests/test_recharge_orders.py	178	sqlite
server/tests/test_recharge_orders.py	201	sqlite
server/tests/test_recharge_orders.py	214	sqlite
server/tests/test_recharge_orders.py	230	INTERNAL
server/tests/test_recharge_orders.py	293	sqlite
server/tests/test_recharge_orders.py	320	sqlite
server/tests/test_recharge_orders.py	365	sqlite
server/tests/test_recharge_orders.py	376	sqlite
server/tests/test_recharge_orders.py	385	sqlite
server/tests/test_script_from_audio.py	14	sqlite
server/tests/test_script_from_audio.py	47	sqlite
server/tests/test_script_from_audio.py	60	sqlite
server/tests/test_script_from_audio.py	203	sqlite
server/tests/test_script_from_audio.py	224	sqlite
server/tests/test_script_from_audio.py	277	sqlite
server/tests/test_script_from_audio.py	320	sqlite
server/tests/test_script_rewrite.py	4	sqlite
server/tests/test_script_rewrite.py	37	SQLite
server/tests/test_script_rewrite.py	42	sqlite
server/tests/test_script_rewrite.py	55	sqlite
server/tests/test_script_rewrite.py	114	sqlite
server/tests/test_script_rewrite.py	208	sqlite
server/tests/test_script_rewrite.py	252	sqlite
server/tests/test_script_rewrite.py	306	sqlite
server/tests/test_script_rewrite.py	452	sqlite
server/tests/test_script_rewrite.py	524	sqlite
server/tests/test_script_rewrite.py	569	sqlite
server/tests/test_script_rewrite.py	613	sqlite
server/tests/test_script_rewrite.py	682	sqlite
server/tests/test_settings.py	3	sqlite
server/tests/test_settings.py	57	sqlite
server/tests/test_settings.py	67	sqlite
server/tests/test_settings.py	86	sqlite
server/tests/test_settings.py	112	internal
server/tests/test_settings.py	140	sqlite
server/tests/test_settings.py	185	sqlite
server/tests/test_settings.py	215	sqlite
server/tests/test_settings.py	227	sqlite
server/tests/test_settings.py	242	sqlite
server/tests/test_settings.py	249	sqlite
server/tests/test_settings.py	267	sqlite
server/tests/test_settings.py	282	sqlite
server/tests/test_settings.py	298	sqlite
server/tests/test_settings.py	316	sqlite
server/tests/test_settings.py	359	sqlite
server/tests/test_settings.py	371	sqlite
server/tests/test_settings.py	388	sqlite
server/tests/test_settings.py	404	sqlite
server/tests/test_settings.py	414	sqlite
server/tests/test_settings.py	421	sqlite
server/tests/test_settings.py	437	sqlite
server/tests/test_settings.py	461	sqlite
server/tests/test_settings.py	472	sqlite
server/tests/test_settings.py	494	sqlite
server/tests/test_settings.py	547	sqlite
server/tests/test_settings.py	568	sqlite
server/tests/test_settings.py	599	sqlite
server/tests/test_settings.py	637	sqlite
server/tests/test_settings.py	639	SQLite
server/tests/test_settings.py	667	internal
server/tests/test_settings.py	673	internal
server/tests/test_settings.py	681	internal
server/tests/test_settings.py	688	internal
server/tests/test_settings.py	698	internal
server/tests/test_settings.py	709	internal
server/tests/test_settings.py	1248	sqlite
server/tests/test_settings.py	1340	sqlite
server/tests/test_simple_character.py	186	SQLite
server/tests/test_simple_character.py	191	sqlite
server/tests/test_simple_character.py	276	sqlite
server/tests/test_simple_character.py	296	sqlite
server/tests/test_simple_character.py	403	sqlite
server/tests/test_simple_character.py	578	sqlite
server/tests/test_simple_character.py	598	internal
server/tests/test_simple_character.py	685	sqlite
server/tests/test_simple_character.py	724	sqlite
server/tests/test_simple_character.py	1009	sqlite
server/tests/test_simple_character.py	1024	sqlite
server/tests/test_simple_character.py	1085	sqlite
server/tests/test_simple_character.py	1146	sqlite
server/tests/test_simple_character.py	1224	sqlite
server/tests/test_simple_character.py	1253	sqlite
server/tests/test_simple_character.py	1285	sqlite
server/tests/test_simple_character.py	1373	sqlite
server/tests/test_simple_character.py	1406	sqlite
server/tests/test_simple_character.py	1431	sqlite
server/tests/test_simple_character.py	1466	sqlite
server/tests/test_simple_character.py	1542	sqlite
server/tests/test_simple_character.py	1601	sqlite
server/tests/test_simple_character.py	1633	sqlite
server/tests/test_simple_character.py	1696	sqlite
server/tests/test_simple_character.py	1740	sqlite
server/tests/test_simple_character.py	1784	sqlite
server/tests/test_simple_character.py	1822	sqlite
server/tests/test_simple_character.py	1849	sqlite
server/tests/test_simple_character.py	1953	sqlite
server/tests/test_simple_character.py	1979	sqlite
server/tests/test_simple_character.py	2086	sqlite
server/tests/test_simple_character.py	2106	sqlite
server/tests/test_simple_character.py	2136	sqlite
server/tests/test_simple_character.py	2301	sqlite
server/tests/test_simple_character.py	2343	sqlite
server/tests/test_source_frames.py	5	sqlite
server/tests/test_source_frames.py	20	sqlite
server/tests/test_source_frames.py	116	SQLite
server/tests/test_source_frames.py	121	sqlite
server/tests/test_source_frames.py	136	sqlite
server/tests/test_source_frames.py	199	sqlite
server/tests/test_source_frames.py	243	sqlite
server/tests/test_source_frames.py	279	sqlite
server/tests/test_source_frames.py	364	sqlite
server/tests/test_source_frames.py	426	sqlite
server/tests/test_source_frames.py	460	sqlite
server/tests/test_source_frames.py	479	sqlite
server/tests/test_source_frames.py	549	sqlite
server/tests/test_source_frames.py	781	sqlite
server/tests/test_source_frames.py	810	sqlite
server/tests/test_source_frames.py	811	sqlite
server/tests/test_source_frames.py	821	sqlite
server/tests/test_sqlite_to_postgres.py	4	sqlite
server/tests/test_sqlite_to_postgres.py	19	sqlite
server/tests/test_sqlite_to_postgres.py	25	sqlite
server/tests/test_sqlite_to_postgres.py	38	sqlite
server/tests/test_sqlite_to_postgres.py	39	sqlite
server/tests/test_sqlite_to_postgres.py	99	sqlite
server/tests/test_sqlite_to_postgres.py	116	sqlite
server/tests/test_sqlite_to_postgres.py	121	sqlite
server/tests/test_sqlite_to_postgres.py	148	sqlite
server/tests/test_sqlite_to_postgres.py	196	sqlite
server/tests/test_sqlite_to_postgres.py	201	sqlite
server/tests/test_sqlite_to_postgres.py	203	sqlite
server/tests/test_sqlite_to_postgres.py	222	sqlite
server/tests/test_sqlite_to_postgres.py	242	SQLite
server/tests/test_sqlite_to_postgres.py	252	sqlite
server/tests/test_sqlite_to_postgres.py	270	sqlite
server/tests/test_sqlite_to_postgres.py	281	sqlite
server/tests/test_sqlite_to_postgres.py	282	sqlite
server/tests/test_sqlite_to_postgres.py	305	sqlite
server/tests/test_sqlite_to_postgres.py	352	sqlite
server/tests/test_sqlite_to_postgres.py	370	sqlite
server/tests/test_sqlite_to_postgres.py	371	sqlite
server/tests/test_sqlite_to_postgres.py	372	sqlite
server/tests/test_sqlite_to_postgres.py	375	sqlite
server/tests/test_sqlite_to_postgres.py	385	sqlite
server/tests/test_sqlite_to_postgres.py	386	sqlite
server/tests/test_sqlite_to_postgres.py	434	sqlite
server/tests/test_sqlite_to_postgres.py	435	sqlite
server/tests/test_sqlite_to_postgres.py	436	sqlite
server/tests/test_sqlite_to_postgres.py	437	sqlite
server/tests/test_sqlite_to_postgres.py	456	sqlite
server/tests/test_sqlite_to_postgres.py	460	sqlite
server/tests/test_sqlite_to_postgres.py	466	sqlite
server/tests/test_sqlite_to_postgres.py	474	sqlite
server/tests/test_sqlite_to_postgres.py	479	sqlite
server/tests/test_sqlite_to_postgres.py	481	sqlite
server/tests/test_sqlite_to_postgres.py	487	sqlite
server/tests/test_sqlite_to_postgres.py	496	sqlite
server/tests/test_sqlite_to_postgres.py	497	sqlite
server/tests/test_sqlite_to_postgres.py	498	sqlite
server/tests/test_sqlite_to_postgres.py	510	sqlite
server/tests/test_sqlite_to_postgres.py	525	sqlite
server/tests/test_sqlite_to_postgres.py	526	sqlite
server/tests/test_sqlite_to_postgres.py	527	sqlite
server/tests/test_sqlite_to_postgres.py	530	sqlite
server/tests/test_sqlite_to_postgres.py	764	INTERNAL
server/tests/test_sqlite_to_postgres.py	786	sqlite
server/tests/test_sqlite_to_postgres.py	825	sqlite
server/tests/test_sqlite_to_postgres.py	840	sqlite
server/tests/test_sqlite_to_postgres.py	910	sqlite
server/tests/test_sqlite_to_postgres.py	1015	sqlite
server/tests/test_sqlite_to_postgres.py	1096	internal,SQLite
server/tests/test_sqlite_to_postgres.py	1148	sqlite
server/tests/test_sqlite_to_postgres.py	1212	sqlite
server/tests/test_sqlite_to_postgres.py	1252	sqlite
server/tests/test_sqlite_to_postgres.py	1256	sqlite
server/tests/test_sqlite_to_postgres.py	1278	sqlite
server/tests/test_sqlite_to_postgres.py	1291	sqlite
server/tests/test_sqlite_to_postgres.py	1304	sqlite
server/tests/test_sqlite_to_postgres.py	1306	sqlite
server/tests/test_sqlite_to_postgres.py	1307	sqlite
server/tests/test_sqlite_to_postgres.py	1317	sqlite
server/tests/test_sqlite_to_postgres.py	1322	sqlite
server/tests/test_sqlite_to_postgres.py	1323	sqlite
server/tests/test_sqlite_to_postgres.py	1324	sqlite
server/tests/test_sqlite_to_postgres.py	1335	sqlite
server/tests/test_sqlite_to_postgres.py	1342	sqlite
server/tests/test_sqlite_to_postgres.py	1344	sqlite
server/tests/test_sqlite_to_postgres.py	1345	sqlite
server/tests/test_sqlite_to_postgres.py	1346	sqlite
server/tests/test_sqlite_to_postgres.py	1348	sqlite
server/tests/test_sqlite_to_postgres.py	1379	sqlite
server/tests/test_sqlite_to_postgres.py	1381	sqlite
server/tests/test_sqlite_to_postgres.py	1382	sqlite
server/tests/test_sqlite_to_postgres.py	1388	sqlite
server/tests/test_sqlite_to_postgres.py	1389	sqlite
server/tests/test_sqlite_to_postgres.py	1390	sqlite
server/tests/test_sqlite_to_postgres.py	1407	sqlite
server/tests/test_studio_analytics.py	150	sqlite
server/tests/test_studio_analytics.py	262	sqlite
server/tests/test_studio_analytics.py	293	sqlite
server/tests/test_studio_drafts.py	16	sqlite
server/tests/test_studio_drafts.py	42	SQLite
server/tests/test_studio_drafts.py	47	sqlite
server/tests/test_studio_drafts.py	60	sqlite
server/tests/test_studio_drafts.py	270	sqlite
server/tests/test_studio_notification_preferences.py	9	sqlite
server/tests/test_studio_notification_preferences.py	34	sqlite
server/tests/test_studio_notification_preferences.py	45	sqlite
server/tests/test_studio_stats.py	71	sqlite
server/tests/test_studio_stats.py	154	sqlite
server/tests/test_viral_routes.py	115	sqlite
server/tests/test_viral_statistics.py	30	sqlite
server/tests/test_viral_store.py	36	sqlite
server/tests/test_wallet_billing_service.py	3	sqlite
server/tests/test_wallet_billing_service.py	9	internal
server/tests/test_wallet_billing_service.py	12	internal
server/tests/test_wallet_billing_service.py	15	internal
server/tests/test_wallet_billing_service.py	17	internal
server/tests/test_wallet_billing_service.py	21	sqlite
server/tests/test_wallet_billing_service.py	54	sqlite
server/tests/test_wallet_billing_service.py	62	sqlite
server/tests/test_wallet_billing_service.py	79	sqlite
server/tests/test_wallet_billing_service.py	82	internal
server/tests/test_wallet_billing_service.py	99	internal
server/tests/test_wallet_billing_service.py	117	sqlite
server/tests/test_wallet_billing_service.py	120	internal
server/tests/test_wallet_billing_service.py	129	internal
server/tests/test_wallet_billing_service.py	136	sqlite
server/tests/test_wallet_billing_service.py	140	internal
server/tests/test_wallet_billing_service.py	151	sqlite
server/tests/test_wallet_billing_service.py	154	internal
server/tests/test_wallet_billing_service.py	160	internal
server/tests/test_wallet_billing_service.py	174	sqlite
server/tests/test_wallet_billing_service.py	179	internal
server/tests/test_wallet_billing_service.py	194	sqlite
server/tests/test_wallet_billing_service.py	197	internal
server/tests/test_wallet_billing_service.py	206	internal
server/tests/test_wallet_billing_service.py	219	sqlite
server/tests/test_wallet_billing_service.py	222	internal
server/tests/test_wallet_billing_service.py	231	internal
server/tests/test_wallet_billing_service.py	252	internal
server/tests/test_wallet_billing_service.py	253	internal
server/tests/test_wallet_billing_service.py	263	sqlite
server/tests/test_wallet_billing_service.py	266	internal
server/tests/test_wallet_billing_service.py	292	internal
server/tests/test_wallet_billing_service.py	304	sqlite
server/tests/test_wallet_billing_service.py	307	internal
server/tests/test_wallet_billing_service.py	317	internal
server/tests/test_wallet_billing_service.py	318	internal
server/tests/test_wallet_billing_service.py	327	sqlite
server/tests/test_wallet_billing_service.py	330	internal
server/tests/test_wallet_billing_service.py	352	sqlite
server/tests/test_wallet_billing_service.py	355	internal
server/tests/test_wallet_billing_service.py	394	sqlite
server/tests/test_wallet_billing_service.py	404	internal
server/tests/test_wallet_billing_service.py	405	internal
server/tests/test_wallet_billing_service.py	410	internal
server/tests/test_wallet_billing_service.py	416	internal
server/tests/test_wallet_billing_service.py	428	internal
server/tests/test_wallet_billing_service.py	445	sqlite
server/tests/test_wallet_billing_service.py	448	internal
server/tests/test_wallet_billing_service.py	455	internal
server/tests/test_wallet_billing_service.py	456	internal
server/tests/test_wallet_billing_service.py	473	sqlite
server/tests/test_wallet_billing_service.py	477	internal
server/tests/test_wallet_billing_service.py	488	sqlite
server/tests/test_wallet_billing_service.py	502	sqlite
server/tests/test_wallet_billing_service.py	506	internal
server/tests/test_wallet_billing_service.py	530	sqlite
server/tests/test_wallet_routes.py	68	sqlite
server/tests/test_wallet_routes.py	88	internal
server/tests/test_wallet_routes.py	94	internal
server/tests/test_wallet_routes.py	98	sqlite
server/tests/test_worker_crash_recovery.py	64	internal
server/tests/test_worker_crash_recovery.py	66	internal
server/tests/test_worker_crash_recovery.py	77	internal
server/tests/test_worker_crash_recovery.py	152	internal
server/tests/test_worker_crash_recovery.py	303	internal
server/tests/test_zpay.py	21	内部
server/tests/test_zpay.py	30	内部
